y_true;y_pred
775016;14268229.412669381
1295485;8629981.1502558962
162349;158823.57890609733
4124239;13740686.88492869
2492851;8697290.640875252
1557810;5711450.5386193171
1021193;13414360.279211035
1971418;0
2504137;15618441.333427344
960019;14783370.783578701
864060;6746601.2738219881
89553;2180768.1201588227
1296556;14779369.846269416
171282;6727434.6498418599
605079;7800820.5683620423
1305145;6781237.2654521847
606829;23143301.461852837
243774;13775768.259437211
1283355;6864931.9379944084
2505278;0
4595480;0
62057;0.0
1558861;14548968.140122486
15460;14541912.904746853
2491192;6862189.3777495939
1207108;14546429.523664547
1463255;14368794.409814475
2488362;7033211.5999088874
2573971;14544494.55459526
703987;14545847.440644749
882619;14184478.274693387
2573721;14269240.284173867
4588626;6658801.6361520467
855767;7298605.6977467928
690131;13763293.629607018
778107;14874119.789670518
3041119;6902759.6906103967
2573338;14980007.769313028
2573074;14541275.051533615
2641957;7445749.040350222
22345;14549779.668344717
839887;14365752.641965397
1295600;14012021.23141768
858953;7053919.1982728895
946604;0
61915;0.0
29399;0
262076;14781408.584925007
1455198;15065070.535790514
2570763;14979325.178377301
1285377;0
334181;6593792.8706112942
604773;7355210.0802690396
2662979;21153896.544109982
77160;14694973.04455159
1295596;14969347.613469703
2133370;7629438.2673273794
7911;14378927.478135064
5050;14180092.654946404
11722;13761410.593004504
2573180;6464794.1526653199
83108;13938774.45983028
1390563;7005310.3497773465
608349;21426625.582443114
2070125;7072476.2593622971
2496037;7307631.4468505466
709622;7953451.4310274627
1383512;0
1290603;0
1374331;8388228.5808955813
875318;21942269.075787872
2760;15294598.642657911
2654756;0
2728241;7783096.5879453169
1207324;15148805.44487064
702350;19970715.069483258
2641904;6940930.8164696498
2641933;7566279.8740117038
2566357;15521088.275129035
1541424;14363766.058253489
1223;14879236.567856768
7140;15705578.204443175
920143;14462071.96528415
1551594;2188523.4267986543
875348;14693638.226805264
172731;6661560.9616209865
1197900;14777610.149275498
952325;19852581.372857533
258382;2128575.4428010099
2654378;15613787.116514949
2048617;8694698.4352921322
305;0
1958230;6287738.3051184788
2652658;15520352.782362858
3804758;7723087.1089466577
2650784;6625454.7671004264
1876020;6963349.0993702076
1809601;1197823.3314723994
59735;15381889.543177215
2653303;19844111.104891878
5433;7038417.2735110363
1071;0
322789;6757145.7694828417
2988097;21500030.137831815
1286808;22342468.427628409
2639595;21908052.969593231
319264;14344835.529946221
2520008;7555753.4387084059
94171;2130471.2559345141
1193705;15666612.752594026
797903;7580530.2589011984
789084;15412441.291814534
1833061;14706289.19739455
912;15074688.681307862
11214;14802705.178984158
1113374;14708012.006922584
2591960;3087.4153432027961
623386;7129660.0353174331
1246285;15305269.58863127
2586945;8724469.1588804107
2671570;15149661.849863436
1828007;8569942.4910270888
858919;15922951.114619242
2676002;15828231.324784756
1121787;6210459.1236849334
1124837;15067718.26128055
1160065;8051085.7637021393
2583572;14887608.8188533
1986910;7483611.1259204531
450843;4629741.6636289079
2592050;8549753.8279962689
4315644;15665436.970081594
2669268;7072630.1180352876
81215;7063791.0985676646
1127260;0
1284650;6895918.4422649052
2396892;15214124.343220947
1207006;2152683.1676662206
1726827;13843224.437822092
2657217;6775750.1466431869
1707986;6779738.4345511375
177958;7128117.7260721102
1126398;7220415.8825741671
1124507;7327043.6932825549
762852;20554242.766919605
772044;7191181.6342395814
708524;2181125.2114871424
1892391;8146538.26136865
1713363;7632670.4754095795
582722;20550535.276651774
842343;15009246.121552007
2569827;6624194.6698127249
92;14373148.85498474
1698151;6785363.9459152324
3677255;6668984.6664296584
2470427;6754073.0972075853
585151;3603441.2187329237
1408913;2082090.7045016498
1440642;21744634.304958589
1780834;21404605.437860385
2858317;7397937.6126572723
2308636;0
661309;20274801.417527467
1903689;7539387.0640298594
2636429;492364.69757420698
729662;14220353.601748422
610636;20920985.215013564
2584882;7047121.4163532704
2600475;1826289.6083177028
1905604;1815703.0764396708
3368332;1833554.4884509728
1710925;7497993.4078338975
2828243;7463004.9412712166
4838115;16340988.076957189
1315733;1733488.5864662512
2671083;14384312.36085929
2531314;11801416.550397063
1119887;7555560.042710647
3446497;14364505.428474337
627635;7399157.2628485719
1382936;21597487.943025712
1292393;0
80519;0
2930673;21356128.959152211
432;20640176.625838585
2044246;19940723.50578152
186479;2183618.5817039483
2654765;7116474.0435199616
2204;0
2667663;21431813.553239889
631156;6909524.1605858617
2667133;20557648.022308085
112776;7304627.1266324287
1996448;0
5360;14196649.251353964
620125;21429694.524257366
697375;20476545.63877783
1151187;2161141.7714854162
2522234;21503584.309727702
597342;2185717.2619950045
1715596;15338974.041638648
4424755;14191451.463763634
2655504;6976286.671863243
1896464;20729594.004344027
2652389;7109146.4447626835
1264296;20300007.328137893
2651231;14085223.344738632
1296455;6875346.9123668708
672337;494194.39136525663
56;496930.08660834277
3248375;7102383.0712805521
3423694;6617231.3809648659
1797437;495608.60953088047
2642538;496400.32936271239
371;0
1784204;0
750094;6753727.7335905498
1187864;22340649.090931974
680900;0
1087046;20955457.185543448
1714891;487161.22887712508
1257218;6610939.6426361809
479879;487355.30025121249
400432;486662.37605767738
428545;6968920.818996218
703124;6937022.3063971754
1022826;14005775.605400957
707163;20078836.987431187
2578193;14122600.780256305
20458;14120101.63358549
1889;13748558.952217132
3712004;13914307.83998467
1536182;13835678.752103087
942051;15857816.335774194
2149635;21964394.269199114
1928603;21078714.136022557
1185685;7017614.6496977666
160073;20800329.281792238
3639616;14612018.802968336
2654423;6499167.5579794142
3292643;7420987.5988736851
2579398;7415565.5863426523
688986;13752083.618113117
496748;5836732.1799264252
4731260;13488410.605607208
679753;5620641.2571766805
1567382;7675043.2167218104
1554284;20431001.501062475
2421943;22539082.625370868
4282306;22523216.780034188
2355033;16189601.305160508
2559455;7530137.7494705189
2635934;22769791.893924519
1536547;13728347.143642291
874807;21190937.50316852
2636464;14494585.086232362
2673071;2320643.8890692755
1450812;847787.06372411433
669653;7106620.7478566067
680463;6387763.2713521533
88850;0
2572519;6214691.4886248158
2752561;6519962.5381217794
3070802;7038879.0283060996
1045550;16100942.151793865
9528;2289917.8258018414
278755;19961484.645597085
3100877;20464079.820622299
1638093;20125338.92796291
11403;0
679455;6786204.5629931688
351511;6953695.2502819495
3444468;20299692.010821808
2315473;6937203.1006672252
2667449;19783057.569574252
1468496;0
2585621;15718196.093510831
75654;6602205.5965138488
1117833;15028836.369374311
2162079;18691706.465941206
51979;6990123.4761538319
458938;2232928.5463105985
63090;14198705.537875667
1115110;13599664.914988954
2674750;8629961.8344929293
2047416;13583434.847144492
2130334;7101563.2359294882
691303;14020780.76703717
345336;0
255445;13396296.977809004
678499;0
2653469;6771151.7992442753
3036304;2317986.9109235508
1104772;23388419.224867027
2651090;14262435.359156381
2062300;13999739.632087464
1550777;21315457.709312879
675471;22184224.488468915
171566;7407856.1377554517
305370;1271496.8574698938
389;13811600.398162512
777267;8845581.2810013015
2141081;11037615.528481228
1037574;13837675.597562369
1461618;9575978.4718315024
448679;8183792.4248153549
182473;1713484.3289824326
1376932;6217010.7825796278
1128;14125645.583326045
2664361;13515284.246819751
2688234;13587804.686922228
2060339;13754055.291899402
2924265;2325752.8885093587
183305;2235995.024987652
152098;14022453.936405133
4009;6436326.0194541505
851761;9171135.0059138611
1126532;2324460.8300301586
17861;16437238.360924071
240327;162387.78212685056
2661740;14184682.746862913
849902;16766076.238304008
8368;8692667.4475730956
507408;2356656.8697382463
1476133;8639859.1766112372
2741260;9018215.4000044521
424134;20147867.996417966
1720884;22021215.507114507
852598;6789606.3223159676
433222;20153143.170217011
1479212;6211957.5851154001
374104;7678796.004877192
709;8001096.3029724658
2653016;7661587.2531694565
1810467;7595295.3401442263
2824772;7628633.3816299625
777477;6796784.2179510668
2221046;4510459.8113553412
1209306;7021647.8302674834
14189;6706278.5777596338
1387697;14541041.955326213
1181048;8742298.7919915561
2259458;14784157.537408123
676248;6977601.7646480082
1359637;7494543.359103689
1197587;7661391.2311496204
774770;7245817.7039659712
3586;7059758.7681775577
880072;21854948.724887881
167080;7712102.7764389683
592435;7663026.1066798214
2745327;14552967.786271147
2590181;8389267.3653063923
10829;7663852.7593589928
1459230;15165126.680573704
995661;14863288.163723269
1656407;7161243.8185750954
431273;8407837.3260836508
2672148;21324518.001929376
2587969;6871602.2048906032
2559976;6958930.8589466093
435182;7317491.3969571264
1279274;6598073.687843468
2010823;7375721.0487745125
961906;7129232.4108637162
2565413;7637426.8410051009
854625;7303167.8370289588
1225633;0
859287;7209286.2488088356
515819;2323517.3928655721
3895226;9104782.1659982949
3886506;0
513299;2329965.0358602391
142;0
539650;19798249.111240033
2573872;7236359.8133327095
159689;7710017.4407895831
864088;7209880.1548871659
1790238;7294436.7585896617
2728519;7390515.9776784079
2674613;15145732.907670651
790877;21013370.157373689
1275542;6675346.6637604022
2392065;7220022.8969804468
15189;0
14969;0
3078;0
2220706;4994718.4078524467
251975;21098534.341538753
874884;14969146.776413936
12681;0
702257;21770952.449141838
515238;19331303.850461356
1809578;15375097.414554738
868478;7659188.0820591189
2943040;7657162.6363987671
2650695;7195633.6037515281
1365914;7198235.288440045
698240;6940914.4048248949
3627427;0
790635;19779842.945113387
1449001;22112799.262455821
1791846;22358637.103764698
2002787;7924261.4992983593
131;0
1810;0
1780339;14525585.606548056
5139;0
267;0
1454904;6442223.3777356315
920002;21578831.32352002
2663906;7728862.0771192117
1209327;8319795.4984626938
501107;19451240.960793402
2559269;6663947.8090997506
2639962;14761045.774121763
1175814;21917191.415169209
1972329;8278505.5681522163
1304436;21852584.939524304
85842;6372056.3619293235
1463553;7403727.4271906167
761428;13533355.374641575
857416;14794374.972150411
579442;15728162.447171388
3242657;21917098.447631359
20261;7067361.7377275405
789313;20490771.495588228
1898891;6895981.9157212758
154227;18924181.327126816
1339963;21386030.33230463
3654504;6868963.068598331
516613;19418303.016216829
2585166;14714160.549578641
18752;14483804.276394544
2934004;15082340.865928104
1482403;4794786.6344599826
1362947;7637948.6963476995
2558429;7049304.2405891223
788651;6534447.5964210471
1821267;14694074.217979832
595129;20647099.654311731
2567856;14693133.867682349
1352730;6927901.2140199989
2334375;7055740.5571255004
1811260;0
871221;2148618.7131997417
4222994;7116865.5869865865
1458737;13312628.04107767
5043;15081061.301910963
1400104;14101837.173330741
1387599;7809389.98157256
1381866;0
1141568;8328506.2282105219
316;20925468.029359668
854903;6647087.8217274994
659474;20193328.482815955
2675197;7659363.7990883067
2645830;7054594.9718805086
2039432;6189133.7466758238
1209068;14877394.852367094
681606;21007206.474369496
4217451;6495808.5857333522
2644928;7312997.8759098351
96137;0
612831;2147273.4191747331
680423;21666293.217407029
1558956;0
607515;20828964.10185381
802140;2171181.3359398758
28882;7056206.010599155
3284215;7337537.2615955155
2704;0
1096049;6609040.6035875157
1470832;14358471.433616214
2062930;2179589.5884674615
2349;0
938716;14156701.849998359
89299;2200531.5781722995
3797329;7120649.0531184403
1207161;22007255.001690347
1469082;0
715776;15326048.975526078
774321;21399995.795785584
678294;6358268.8164098132
1354253;15199903.082942372
2159125;19041891.944184236
2583584;7401067.0761360629
660548;7095669.6438642293
205232;14028799.827996876
1685137;14067628.690943003
526854;2178928.291750059
3589664;7376245.4308191352
1697778;22944123.583245061
1803599;14609210.711355755
5758;7451559.2750854716
1635472;14892190.961193159
2258755;21354377.612987939
2576348;7386915.6219601277
2645178;7467342.8476670682
1736631;21367448.52860482
1911615;14068519.202440327
22917;14195978.77746412
603869;14195085.810775202
2663976;7716094.616031846
2021872;0
2569123;6562379.333834568
8023;14610446.018359436
2668978;14088316.675583895
2669617;14363305.864769585
1114870;7535438.2856370602
3560188;21764825.578120299
1635487;6785002.7069816981
442860;6890616.2256031474
534577;21081432.605196495
1209177;7595870.8799592508
2674257;21431581.215837646
784672;7306613.0349680139
1294133;2144406.3830999709
635689;14607269.282510534
2666154;14000766.557684524
1053008;2162531.7913145088
116916;7492444.6668942263
1804607;21079262.136374652
709025;2164521.4181926963
1092603;16247651.473732486
2663653;14897943.65783811
2061769;2173499.2672236273
515897;2149620.1135444278
436464;21430755.882128723
1279123;16134936.404810544
2644821;7396558.676945555
32388;15255946.148280486
2658764;0
1714214;7128164.8435029499
1637514;0
751682;14376515.041839091
101471;0
980;0
606648;13758712.746645374
3029037;7055738.876630282
1976919;7214945.7872214234
1042;6384697.2853025403
1036630;1024967.1487327875
1119012;7128649.8550804919
2554463;7134569.8146321308
1187590;13985474.678933304
2758250;16122031.854247121
1979402;491916.57743535488
1037401;20307767.211445544
2592234;7255587.0980254449
46896;486777.22578855749
2927531;21041869.369814329
2468469;7308349.0183072323
1112511;20722234.436449654
2119682;6346682.0362996552
1300471;6978784.7577959299
94413;7541488.4140438102
2670780;7134626.9633878376
938736;6955688.4924098896
1112667;6956703.9485277869
24472;15581879.593601136
1063778;14723985.491354642
1305545;14203568.744033396
29374;14540871.994887009
2662394;6858393.7190886308
1817433;7468590.0412941175
1741693;2207528.0796442567
2543385;8132201.6627045581
626928;14903405.74004937
1298147;20747701.836882852
697456;2234044.3077315297
627177;2205689.93570351
1205124;0
686961;15746658.664799297
603881;14518979.48848456
2514753;4745268.932040615
632824;4745049.108964446
3033799;2239418.9922732189
685171;7236960.7234608354
15681;0
2499590;14349211.869227905
8790;14264939.237434281
939130;14434832.432987016
447;0
1109814;21655190.356353883
936602;7389889.8203940419
1020665;14231609.336219694
1004212;13820150.797543012
1260991;5630696.3870690819
1184644;14415239.288992107
284390;19964868.368399136
1182891;0
1623666;22781900.239362739
2686722;0
809;6799237.2364187082
2573123;7734149.2408344671
4013;6438355.9623262826
2677082;7144530.6341796126
2563044;0
1833499;7294741.2738572899
346872;14210501.529708065
368515;2254479.2487265463
250383;0
2920150;6031391.9855710026
2573018;6603570.2619210519
522390;2173747.487887966
1123824;20678029.768631686
261006;15350242.91416589
932718;2254572.5698437896
2649150;7055188.5164338658
4960;14363482.92063302
1102665;7308316.8664212432
9750;14732647.931695068
1125166;7117120.013167535
1820666;14271525.094207956
1626845;13913322.891012762
242777;14198587.712516146
1711623;7171488.7490795162
17994;6583030.776643347
1080665;7037671.0065060407
2637208;22602690.243264351
1118479;6758358.7334484942
2079136;14365457.995137746
3364745;6984938.1869983664
184715;6522823.0270189662
267931;2105634.9350872748
698911;16257657.750079611
3617984;0
1289051;14948559.299688967
281069;6651896.0601977697
2668867;7048367.9743320178
183292;13845290.251122816
931618;22773156.833319061
2636926;0
1091280;15674744.100827362
960891;7070087.9220828135
775410;6980067.4047073675
15785;14447562.712621149
169250;7062770.310949577
781981;6980898.3003389938
1572299;14133432.577034036
1892169;2119700.8151097205
2666130;7240485.798555417
2663952;6607615.8892792016
949995;0
1108324;15247635.114188835
2665544;6920832.6498939032
2148573;6801004.5135186994
1532992;7378464.5783829978
870748;6313116.4843660174
1547952;8275326.0910699833
797173;159171.43744274182
2660756;20438364.747771442
172858;14351283.077593643
200520;7572296.1382548288
271116;14721162.50173484
1121486;6711290.0846404498
1661;166393.6496833261
524135;155946.94454188278
957296;20555254.885883875
2483477;6772737.6940995269
2483417;7201872.2972288979
611435;7317428.2969441339
1207171;6381053.9518130245
1366902;7035488.3689918816
2483429;15579289.843209602
236654;15215661.849348744
1465619;14617450.119801477
1198813;7330705.2976881303
1455997;14958160.330375621
1324355;14262826.417941168
934771;15297836.130593875
1182721;14543142.546535
3693681;14533532.378403906
1186177;7223787.404901511
1555265;7477889.4330217345
2075110;14259873.58523602
6827;6888974.234784699
1819278;7586477.5831125062
92091;6888865.7455097046
3106987;14442494.4145368
11906;6403122.3738847626
1021626;9482174.9134140126
1392848;3011867.1155412314
1203;14865108.251279255
1306858;0
2579857;0
605387;7669709.4679311691
680523;21507567.003930539
2646722;14085558.009600077
2645330;14448715.862081002
69345;14249706.326982042
2644412;6703141.534174771
2730676;14532261.137406802
2123950;14160384.279831633
2659222;7375392.5338104442
1183255;6897219.8964206595
2505464;14546775.689787569
1808935;6380730.2916129082
3765;0
608942;7336142.9511403451
846913;6836426.635248418
1220991;6355194.6304970244
1366323;7191361.1929682298
101487;0
2653549;6765114.1970819961
833896;16207849.933799589
2683508;15299707.554696353
1726544;2165857.1139282514
859245;14248936.612500085
760680;7347453.7565919124
2576156;7845672.8664587829
857325;14162229.527142225
1865019;14354763.387156123
1794266;6694118.3435554579
343273;19620919.068849854
74846;0
1142261;2079294.821309384
1393093;21403496.517604362
1171188;14525607.349692995
2495540;21152823.530037772
52783;6662791.0960365646
1976436;2153490.297996724
2249409;20628419.444308214
2657471;23287022.458073884
1275240;6208736.5088241976
1864256;21739775.480801396
3099008;13755520.723454652
923770;14528428.698545607
1177216;22189133.775156185
2639674;21935837.689498678
2637060;14161582.174959576
2663094;16431036.765471095
279;14520417.24152879
1120190;20217714.200523145
2332162;14016624.981827218
6364;14180494.738256535
1219203;21172105.142796848
1142;0
3343566;7968030.6566507807
1089981;7020304.6100450782
250872;14378245.526820445
1221677;0
3002338;6792935.2363426499
865228;15133748.47392451
879017;13669060.182238718
3725756;0
1109737;7390795.2696266118
683153;20560668.110577054
34731;0
603048;8556682.4223649055
592130;2154853.8430737806
877324;20913986.512609333
1358541;14281184.898526302
601057;14363840.846249746
706253;14284142.355572898
3530356;7039558.1112577273
1193426;21228703.331720874
3114485;7393908.6949040256
232619;19615809.155665327
1969436;2179578.2818731796
186778;7503560.272695953
13052;6994240.7887499398
1115406;14004853.041337684
1124237;21144119.168691423
5518;15290467.242506184
522672;516767.24804315181
2427667;14521371.512524229
1450206;21136581.571597133
1359;14689890.325196251
2645148;21414580.13440498
1097842;21293234.673735771
2589759;15667684.80922097
1351707;6588624.9942466691
1950000;6362482.036417217
2344;6635595.3360710535
2989396;14448046.127132315
2056955;6637183.745709925
1273884;6312175.5580122471
1355262;21580418.219521366
1870091;15421624.554569053
1088895;1451234.9779923223
2641114;21650776.541631632
639941;13789499.812286381
1648085;14820831.405595893
2639704;21655240.167344429
29978;7743147.1445695208
829086;21392800.248991534
610870;14306969.01470184
561318;20010607.777274746
1038223;14200622.172464073
2584069;7205181.6690429021
1025322;16110251.578819156
2745309;7205420.1563425241
1008903;7633231.4549055463
1029685;14090391.344260115
2440619;6573378.5802406901
1116419;6312220.1010674434
3174189;7296833.7565773455
2652052;7399614.5323502598
2237788;7401383.5972111132
166038;7307544.212065856
689080;7029810.9013242023
1028960;14007301.840689685
1201508;14003115.170917554
1662281;0
843149;20062495.669214398
644388;15486219.028379353
1203175;0
2937377;14613589.247596899
2669949;0
32310;0
2656699;6774459.6415295405
2609134;7617364.33032664
2428374;6518137.9851364214
1037200;2145292.4212223296
1028934;20820853.467809726
1195552;6378213.5215927586
95345;15126072.961011363
71595;0
76539;14966728.937107349
2683235;15212367.327868339
700139;21342054.664735273
2656778;16108652.335349426
1195012;21666665.119340934
1194926;14192173.35365602
3623665;13765337.667980386
58150;15276648.379389089
276959;2142899.4119277797
1905165;6902642.3260958968
514993;2199699.4589176816
154161;6693278.8984540906
683060;7105190.0306445872
1277197;493775.80106312077
751849;20965261.107224453
1174075;489713.19394953753
3449155;6926933.4911172409
1444039;488134.78782591404
1171773;6691771.172449532
1883906;482796.09686967544
696464;7152020.525868373
957618;6867663.279046583
1286298;7325284.2664391687
2582432;6881095.2468753057
2462881;20950151.746939324
703436;15047615.855725156
2576213;7416525.0895182248
2657704;7229520.6387898233
1530937;16087875.534748668
1042432;0
1160441;21348625.702957768
1132146;7666992.3971835095
2406629;16101700.424606292
1991708;7557650.6304041771
2675545;14719605.644088868
3442498;7227508.9151873253
6239;8156133.0031098528
1206272;2238917.2194443545
98503;14292171.205516547
689265;7110750.3324378645
1027924;15648212.033178817
960042;14290295.828476153
1333;0
1234306;6783885.5749441041
1902190;14361516.737259001
3446482;14199130.544252921
787405;13835321.553509109
3015706;0
948994;7130955.4031406352
1214580;14722934.391257873
1957406;6180402.4219228122
347642;21859108.129320387
1983771;7031208.2112448299
2651559;6885610.1058417447
3045299;21061490.220129874
680762;21334666.103332452
2825729;14513523.762756377
1021550;14514233.746161385
1273227;14425667.909939185
996406;6697413.4847929692
1651484;21926970.347926114
609030;7016229.0198148014
952147;5623206.4159242855
2747671;14583100.980361555
3372268;23463166.428394634
812;13653000.297310358
1260281;22681954.077628061
98367;7247694.8250664091
1186066;13895098.317689348
2662567;7540269.411419224
1125490;7292914.2895171558
435102;2169657.1943177585
2815556;7448939.8836187674
20483;14029112.77355019
1231059;7034769.4189729299
2408102;6945184.5749479067
2330355;16092616.855343306
1570712;0
1677214;7322875.3063448891
851549;7463345.9824797586
901400;8547688.4834861718
6211;0
1112442;6943388.6142180106
2579531;14626418.585074259
2081300;14512161.286363045
1569840;0
2333416;0
1473424;6777831.6286747055
2339927;8214679.9069978492
1100931;7693349.8840242233
937631;7674491.6368752019
1197869;13906860.838665511
3443434;14357890.840397134
1295188;21424251.825346697
2646029;14004652.601562105
3372844;13579996.89559615
1206562;14185793.252266897
2330975;14419719.830895508
62482;14184825.310860028
1028931;14256103.69019554
324197;15401315.51166708
2641496;15400623.374088321
1178718;10185722.009828672
2649241;9794060.6066073999
2907566;9010044.0933293421
1198090;15340602.222997606
2631793;8175957.1099175327
2212070;22089302.133409828
1729442;6667635.9836046072
676496;13830653.495354798
1103190;13997568.678583769
1360808;16478305.687197024
2677779;20447269.846853483
618658;8202135.3479081439
851327;21934540.744473115
54068;14004901.712134078
836939;3584853.4637758387
1187662;13505214.806894807
2418821;8109157.369513303
1602125;6667208.6571110347
1230933;0
340151;3578270.1654866044
1113889;6312480.6692001661
2583480;6936654.985103895
16615;14129992.70264956
1096970;14868351.106470611
675004;6172165.9136224901
2836915;7154722.8257384645
1281633;0
1009523;22088473.120886315
874334;16539823.833754303
875775;6987635.8108805902
2641510;6783495.2948284959
2318646;22435012.639617737
1117437;7046988.6492857086
1544959;7887391.1482457295
622909;6554909.8544021081
2846667;8168818.8032536274
7779;1890060.8977049165
2568050;7144392.2535429224
2669878;6174323.2721979972
98276;0
1565566;6799431.1846359372
2321860;18102419.659757618
924928;21237668.841229036
2831911;7756732.7684583329
1224980;0
2587478;15264963.884242753
1217960;7710847.54980643
4550;0
1114627;14114578.699967129
924394;161182.52539693279
1711687;170156.87836216838
880695;2339525.1625782633
960010;8235601.7347329101
153230;161743.02815666885
953884;2335660.1983876973
947742;14267542.026561731
2745;158960.51344288423
2472212;9172082.0424369927
858341;15317192.833282148
319;160000.58504151902
1962684;20105672.350697193
772315;8723402.9820003193
269839;2352081.5049984739
852859;5762091.9957370842
360988;8212883.9780503614
2640368;7999113.9463218041
1522779;14359705.878521878
615107;2151678.7718288824
783375;6786338.7086230014
1048044;7163340.9812558163
1387959;14165034.301465193
514832;7793734.9251604658
862907;21935008.986853726
1549149;7679459.8481606273
271355;2331211.4468453098
2504029;7516256.2471854584
2395173;14163719.796655117
963861;20302392.193188481
744071;6276170.2130685784
2645314;14349042.107428806
614762;21332262.415146321
2649087;7799576.3821460493
2498984;7128611.6605627751
2641753;8471645.3758070879
612788;20805914.155365426
676106;6953359.6557848481
2166371;13461375.446159555
2735269;7110261.7691754028
588904;19425773.917912371
3209294;21772512.663805448
266589;20117864.569929663
1146002;15942331.880568787
1195859;6771225.6377408709
915488;14538122.955002261
1975023;20456334.469824094
2648603;7307452.2575924778
1200797;19743902.118472997
761610;6606746.6402177811
168950;6605540.6207098961
642492;0
2642272;6585317.0764781637
2671926;22315330.575223755
634927;2502914.317240186
1281421;2184445.8859226303
2752245;14346353.354813276
577297;7270465.5590626383
755916;7201026.829359808
1315433;7603094.2800676106
2640947;6829706.1322718654
2643433;21744046.886465814
104502;7669039.152953391
953878;6699717.7734749056
2397178;6938024.2549885279
759743;21669366.600813832
2489033;13920944.302309288
757283;21736493.000883628
120;0
258532;0
1176237;21497371.499054894
89486;20636152.801217403
475;7182535.0175692318
1101957;7135339.0801874772
1983193;14242674.721832275
164698;7044073.4112051753
2641331;14596193.813926658
2047474;5885179.5459420821
2648999;7021705.4517866159
263394;2166360.6665723766
743359;6673286.5474576447
1197113;6553651.2310239151
3101423;666155.24757160724
2386904;14246906.733192781
325772;19580113.458849378
750846;21908818.274265058
1800983;21488030.996772934
1370463;22512977.343914848
2640709;22259668.942571372
2564402;7191351.8409924973
86530;7207968.0095649455
268628;2200465.4230746264
1369587;14520423.637739893
1517583;21897977.705540664
1136359;15395092.538566928
1300470;0
769764;15727568.481501034
557843;7138354.2779372716
348833;14178502.568785118
689948;15297319.026722373
834129;19865492.78047708
2921190;15203744.404988678
529541;21431072.530333441
683887;0
714068;0
686564;6603408.9462988405
1140843;21449705.901002228
94438;2177812.4031994683
3122472;21166481.387411214
2040797;14281377.78203262
1461618;0
2035051;19643951.793241896
2750774;14693121.329519464
1136327;8550277.9597543739
1984676;21530987.020891145
599044;20997059.930304777
1399177;21328779.43586095
1392141;7886200.0307178628
855434;697406.91650665784
1220437;14082908.404974733
2425305;7658762.3764687357
1109068;22008981.931013968
778482;0
22368;7018928.3758386709
1458830;21425724.37616301
703620;7735136.4344394645
668954;7093973.8414436923
2657100;0
9118;6630940.8609265247
2590612;6921639.708713972
1644740;7142828.9559850283
77274;0
2585165;15288723.440692766
1792746;21219724.624564741
785242;21824997.659928996
104929;7058159.6041638711
1258395;6455982.5892318059
2744214;7298436.7146168659
713563;22578382.479876541
2587265;13788256.47625
1925565;7138957.810114664
1909818;7321516.6756238146
81686;19128.810851395196
1180907;21644390.8664014
1270245;21301143.950287051
94235;2163686.0809685173
1199909;7558221.4902585344
1273899;15587528.981504804
536712;7225632.4654904073
809785;6785493.495013237
630120;7335435.7963703098
2607512;20670386.010324325
6849;16433257.541883739
1222023;0
2513207;6732932.4038416129
1141185;1732988.7920927471
1712446;6973622.8088517813
2143769;13373470.076339146
2582932;7504711.6343949409
1047060;7118976.1737650149
2650346;7209747.6222149124
593112;7385239.1313297497
1728624;6627863.2544312803
2928017;6929800.7417233028
2295212;7789669.7635352463
1030257;15211105.156778025
5730;15134443.527539875
10074;0
1117094;20817474.822248533
1250898;7325288.7835149569
2648702;21320252.174078871
1112011;21499749.61828782
2434095;7341704.5242302381
681847;14587495.566722482
676639;6767792.0880570598
168985;13995096.129821861
661178;15343014.861906471
1269560;7018349.7968301708
504360;20161880.720350649
659885;21819745.472761873
2643916;7189533.0525427349
2650502;20965831.148681611
2580563;6895034.7917965082
679486;6694362.2696209177
1210431;22947462.445167772
688218;7309778.1543440893
1975949;21073308.264985755
2584399;6842547.5391214797
660183;7044334.3289444707
1604342;21050329.677965548
1911619;13284388.034098683
79383;20694066.508016028
2776505;7632289.420140042
963783;7205193.1941412911
1628028;7208457.6375383213
758419;7372920.0605317717
2677524;0
672455;16255607.939225039
1219628;6723869.513012656
2666600;6734994.3436604599
2463;0
2515241;7576647.5283404216
605619;6984096.803169651
2566449;7315396.2365685785
1676526;0
595418;14288324.365248375
585904;6561071.638406991
2823958;7293516.7649292415
3841;6870189.365287249
114223;2202276.3056485569
728145;20573363.06802927
2674028;20911637.323320039
669834;7198908.3883519657
6546;2054586.64716107
721838;14114381.164309766
158798;6591029.7630349193
1196614;7039115.5371503597
77348;7310019.2239649631
2670843;7048980.9379411852
437939;7405681.215422635
1810930;7280061.3615419585
1285521;14718354.982205734
142090;6640732.8324193489
61200;7213250.7952524805
2666995;6870559.9959245343
1884003;7123569.2373373667
611068;0
2655846;6945645.6503938362
2581875;15649465.734255414
146;0
1016587;0
1805233;14717942.140547991
1999313;13698397.989601107
3678;0
2654720;14196026.006133411
2513834;20979944.169971719
2233879;15639903.486061167
1212996;14105289.895756645
942644;0
1014030;22278690.503661975
705070;7022312.2654984081
32750;7252533.7295947475
1551983;7141331.7658511782
2648312;15420141.85721663
687180;21658965.614676956
862306;8062689.7460446395
2405786;15476521.355313048
1029952;0
2589240;7334262.0717692776
267221;14803150.673100939
2676609;15881684.611921713
2754041;948428.84718482802
6414;0
71244;2669240.1472218325
2583390;15241467.49413792
944276;6600742.687687818
601644;6237133.3024311811
2670530;14191141.942765586
2669893;14522665.100532176
549684;4830602.9137599897
531443;20716316.757286314
66826;7482301.7062968351
287;14817823.962755464
83549;14801244.38766156
1556290;7372691.0602831552
2158507;20296953.451188549
1376000;2217537.9752139323
7992;9201292.712192148
1215852;6607846.5938598486
866893;2297067.8919594497
181023;9024668.4221729282
1044013;16488040.466233321
1842857;8631814.1891461685
2501144;6958482.7149709463
2067966;6389716.9602641147
1549032;14366664.002727235
2310960;6200460.0182452919
1543409;10160296.697259089
2751108;0
1553163;15895273.819277873
2205;2317220.787854529
855828;6844794.9571438441
257588;14414994.488910226
1632736;7062541.6046882998
2383332;6798218.4987664185
931875;6759859.0700414684
2140656;6382025.7428649543
172641;14284011.487504659
849084;0
153616;15333035.497319596
1089094;13894121.763247902
2083668;8195083.7595646791
6805;14971051.893849552
1447277;6794642.234119013
1184502;13910943.174713459
2033982;6804209.793949442
1709804;6847709.1305134557
837266;8631548.1663563997
828831;14188527.568947718
55344;14180593.013457773
2181708;0
1033845;2331051.2714172537
2588960;5561.7240563667647
585085;5524856.4386018598
1136948;6878495.3698116643
252873;21146124.694722921
1849;7326555.936498885
2270283;13422293.364764256
273134;12557103.934830545
234340;6596170.6998296846
1992922;13746651.466991564
874441;0
1547719;13507565.736271363
2073299;14555544.629029224
7092;14640374.343000123
2480347;7666569.8857258745
1881079;2196311.1038285806
529251;21693581.011301976
28859;6876562.1487752246
2142917;18759431.050797027
982092;15008984.441034744
1869383;20972670.962845612
1452505;7814175.4201325746
683206;5476926.3075601654
2501866;22834654.543783229
626414;7396206.9767094487
2176191;15245544.073595878
2493374;6864555.3481542338
742178;8256621.0788640529
764165;6689152.825829736
162263;7315386.650197532
288132;2331831.3151842272
2179705;15147101.299566066
2413896;15152603.04225895
160219;6896167.6362657147
357531;21616050.16081202
2408832;7654264.3701280644
767676;13659426.232915303
2503123;7576547.5686711604
959955;7156313.5952216852
77848;7819013.8757342957
1355952;7289951.1831462206
1482184;13939606.654568132
1563615;6785962.686893505
2483767;15909388.822996134
2494977;7563138.1147109522
36789;8560270.6650101095
1439231;20384878.847903464
2053040;15926216.038725298
1281368;15578724.33074664
942805;14008236.327131525
1377827;19788049.736855309
606766;8002077.4618913354
2506423;7556262.8115073508
2586035;7548968.5246942239
1361790;14015537.661695274
1444157;7662055.9722862942
1976596;4268610.09109673
863113;15218280.092675688
2157133;14974456.704284228
73007;15155722.367147222
2494271;7561691.4784816094
2421912;14972930.00020487
2591831;14694171.639028659
1863919;7450883.7994379932
1886930;19597639.196450002
2486752;6663637.8391750762
1262048;6532687.386935683
338509;14857762.3537963
2568166;14252083.325884834
1540;0
2565000;7346935.3218317684
1976801;19291160.625726014
272085;2315619.2639964977
2601056;20642833.278214555
242933;22610272.947551694
2491897;7980279.8379172813
1869174;6875020.6181990746
850252;21245090.813896064
1787748;14253980.22359327
2071873;7729440.2072010897
2492005;8016578.3875615001
11568;0
647190;0
1973421;14549368.22114045
542;6788809.3226303766
359391;6751471.1741509531
318156;15293202.774864385
2489283;6767195.8062431766
2475090;7878440.3619415136
6940;13712250.816201866
1823159;21918772.661846224
2158799;7186205.898467306
2148843;6965695.5076981625
1301453;7588510.5969605241
1879343;19782922.534036785
110343;2183394.6030769614
172196;8078095.6203743294
2501148;6791134.9214218445
1285737;0
2590093;22111162.317095801
686475;16225899.691919852
2320306;7213144.7333594589
878479;15091192.101761652
516644;7497796.7501657577
232;0
735186;21578675.700922981
1324577;7637835.5430032443
866293;14907404.154629435
150528;14352987.767172085
248038;0
1693255;7394562.4194609523
1364313;6760155.1669418234
1270837;0
767675;0
1367366;21584333.145668954
1105394;6794306.7588059744
366;0
822723;21653453.86846881
242;0
116;0
2510503;7121276.5492370538
621166;6858849.796749739
2008703;21528946.756679613
754208;7724952.1050556265
2075565;7021041.3264342472
93837;14908860.659298761
2402125;7405639.2070150664
1465972;14069294.037863981
1992682;14989390.665364329
849062;0
878184;21163677.796983209
536421;14176222.331446039
835783;21737895.328453097
1289625;6789201.1163835218
2067439;13852441.743516311
760216;7199993.9366142489
452609;20317157.155247461
2313901;14462310.369154928
33012;0
244393;6896960.2738147918
713933;20845222.412347175
92547;7920170.7687199386
817878;6115623.3280342072
351;14764888.427056706
614751;7685970.5871954858
5236;15908831.963295771
777357;8141291.9777852111
1695346;3605755.9241015124
2445654;14706603.803579073
2153996;6284355.7741569998
835841;21403962.805366427
545655;21159875.793757558
1377165;15424255.332086075
2339095;7112375.4825489502
577759;21819615.911745455
585649;7062247.3829504577
778879;14005133.743630575
2389585;14439504.706284167
2074486;14691190.075019982
1878420;15063174.138655124
56062;6489861.8494967334
793413;14454992.523626382
1380377;7120331.9440687019
861075;22017216.103306759
2052908;14261808.657598151
858645;21410085.790987704
1261912;21652871.312685594
775901;6791932.8944439059
1955624;6840638.0913317595
1355646;21216526.868620832
522338;7137029.3167125192
258;7888358.0527512897
1433521;14599275.86996006
1138278;6868076.7404614314
827963;21488966.5677897
2420524;7638119.2964080097
701174;20555022.278331105
2420059;7253574.7387746377
2344784;0
1932837;1225061.0879270739
1213662;2080053.9204646007
622241;6960583.0280835927
2073764;7453229.8025401523
597195;20905799.966266043
604078;14201731.112584097
627878;7238436.7345876172
2327950;7494319.6387088243
1316162;7751328.1488541355
536867;0
767524;6989904.9362926828
1990618;14807309.696144471
1349710;16711403.483724639
1938456;21085809.496697653
2326714;14528868.948563846
1387359;15064072.893716453
802720;21000731.244238246
101549;15294652.998533865
601575;21665407.616292894
2338585;14799037.563729273
1400474;14190236.966296449
600063;6950396.2236441532
4224;14185214.836143276
1387414;7151556.6575426841
1187333;6624770.4758054772
1041814;13919279.598982222
2424284;7688988.8400299549
1656107;2162302.7831202843
2234597;7117927.270627697
523289;19694407.323229536
1989401;21412532.520509895
1834251;7324485.0777397184
2337907;6860102.4529794352
22187;15254104.977064671
20581;21150608.955168925
2215824;6941423.1658123452
1644142;22375734.740175352
2872;7633105.3581724102
615500;2233570.6305578873
86066;6941281.5711789001
2051658;6295036.8984488947
674990;20800865.133316014
1181;6791763.0055151461
92173;0
1370413;21217007.982879683
81932;6791753.8243698943
90963;7056089.2221409325
1104594;15731536.988828201
1198346;7291663.6832532547
88943;14294482.855800463
2332767;6608844.9510382582
542316;15993491.653262638
139;6685748.3491104199
1195592;13760174.177589085
766434;491066.76332095842
1233242;16072920.231776629
674101;7209908.42137287
225641;15505382.275477845
2305565;0
568598;23383301.930216528
954048;14368807.249910297
416372;7122022.7367860125
1825278;11891976.041918596
51518;6926924.2543527624
136046;486971.54744916613
82954;487613.36154592253
581911;6588909.5938582448
615801;7203584.6384238526
107905;1973244.3937961175
70339;7029564.7147344491
1297985;7406973.0037513012
1145691;6870092.9573029103
1312909;13629963.659708424
1302758;15659894.021487134
1654116;13931622.776742285
764876;7134900.9556182744
622178;21423963.817071073
2337588;15886372.180506289
497;0
89415;14119655.948774226
1564496;7555034.6992479516
454015;2062134.8357452899
2262;14816571.183368908
972175;21752834.470066912
1641337;7127044.7636463316
91553;13222837.624416975
1895560;13224589.713495206
1744153;14349446.888271444
1202847;21087364.189166576
1916915;14284977.486211373
1912278;2058707.5511701163
16191;7406369.4636282986
1895178;13742405.487259483
1910227;14369218.164759111
2146147;0
712520;7491275.1494904356
967874;7772112.0846071457
1281792;6849285.4628344774
76;13831583.905701872
430209;14511463.324656663
65636;14875817.828778546
2316727;14285098.811609395
434058;6690663.0825091181
515759;15955367.907039152
601185;16084087.817718755
171;6851579.3388025649
592667;14113561.797749331
1892617;7037621.700061338
1007223;7131158.898000895
664470;8205666.0008166349
1797866;8210291.1129821213
1116959;8043277.3486461593
1123095;14112205.109728398
604780;7072282.581295602
36246;7222884.5816910136
1725833;16288286.551210284
963554;15674828.649997955
1182163;6955891.7767116372
515402;7548406.563916184
1118141;16046168.313242294
1486452;8070653.1401037555
1890497;7105937.0524819475
657426;6839061.2822745126
112;7320596.9441683209
512857;7029818.5092398934
517514;6604075.7691837242
1200252;6687478.1070690202
594751;15357470.298994571
1064133;7112825.1719445633
1216130;7165483.485524918
607995;14022978.807104396
683486;21172235.31562474
1450662;13909222.303912764
3668;6222735.8801695975
271982;6201856.9507497344
1841340;0
2071012;6862523.9711006051
193;14626073.237348434
349462;14564586.444143958
1123717;6513817.3882385651
2160205;6990052.907273219
80491;0
1810735;7209403.9470386961
1643138;6432024.3330934569
82862;3220125.3136600167
598444;20399204.648491915
280677;2289836.4866552074
849822;12484147.138055723
260238;2291715.2644140543
1774;13901498.779688342
512790;14205093.986121645
2050511;23311251.488473106
4049;14797837.030660845
1626440;6782562.329969787
1178324;6661645.7729965048
418443;15711377.013400085
164659;14438819.31849589
461734;13885563.990347033
1794239;21570558.710395806
1202024;8275629.1244824985
949385;6252930.2434912603
614835;7913785.3278850298
2009542;0
1498080;16331356.006769085
83766;0
83482;0
944705;7241502.5418611458
695775;8163053.9299707748
1735094;21422896.972760268
591688;14179774.286518458
867854;20601459.382735386
18505;20736243.346492477
100152;19636030.987619426
615752;19446443.349568285
1387189;13823211.618950121
172424;14108956.430409411
853993;0
865254;2158751.765629123
769753;20162227.951184582
597911;6106194.5183110479
1135167;7240424.0294310721
338859;7048401.0598264569
605559;15088724.221042002
859691;6968673.4922123142
280314;8245059.1883579521
1549393;20028869.730691474
148419;6702141.7944612894
834090;158908.39425441643
1286917;2156150.2239614758
1457349;21252771.944351133
859478;7486697.2461302318
880374;6846756.5082308175
1229830;16263276.166019451
1991741;6948107.6712306459
621902;7594762.0471048802
1052258;21942120.659853507
678262;7466562.8754105316
1985356;21163690.064995546
145;7309122.3877669657
866107;20997161.816782966
7914;6747672.5954805734
1462964;0
1802575;7203346.3934651483
1562511;7558056.9209115533
1644676;6961342.2146404553
1623704;6791926.8279753672
273909;2316606.4576014969
676416;14535458.074953506
1572928;15463629.954723997
1557993;7312129.4849736309
783344;8030463.0204144744
1569870;7564197.1206835657
11784;15061724.943941347
1273599;7061094.829410891
278104;7459282.74766347
709391;7827901.8520400589
928620;0
371499;21082736.145073261
733345;7443553.1495688409
181827;7023377.6835733289
1560542;6518228.2551417826
858002;14361679.018272078
680378;6871214.5984706897
1390770;14780272.280145315
766948;6979388.1191428462
1534202;7368454.6232212903
1554563;6857007.7038438767
1564577;14166665.966971438
1885100;14688925.677242186
1990872;14702364.021417994
1450570;6778714.7745972602
764856;20634002.216269191
1373758;7773041.0965279397
1485255;7208368.1025013123
841634;14165489.783206021
64064;1281721.8127262311
700087;7720069.4599780766
115491;7298151.1933152461
59845;6383812.1053053979
390;14172953.065067476
1997327;16142045.733857207
59931;14078425.177457232
573;0
1220295;7924729.586739691
1269719;14531964.043333167
1492978;7216682.4658009773
1528397;7997757.3337841015
1816653;15996181.212356957
1273826;7279672.9367248481
83526;3022162.2384251868
272060;2332447.1948300074
7529;15521672.821286019
688858;7565206.2799104145
1991253;7537081.0749886986
772015;2119995.2315148572
938281;20996244.099538058
1960383;15521494.45837076
1980473;0
1399526;0
246354;7105997.1530294837
1490151;14910346.713668808
255363;0
321906;7484848.3319234615
598430;1558184.8637528527
1965987;7109977.0622981768
771819;6443069.2031568959
1278931;22466124.898960408
947058;21401798.438768331
1882613;7868494.2934075845
1903787;8013981.6529841805
665487;6769839.8648370393
785123;14719648.737071354
67906;20264696.095255531
40282;14719764.90974528
765135;7495836.6769610969
265148;2334014.4890266452
335;16666560.283344308
762373;6785527.6293273838
1717558;8008597.2469961802
64479;14779718.189487895
907342;6718477.2488224432
1731157;14633635.298956981
1293870;21604863.306780536
1492703;14813552.31077734
171130;7784611.5960958079
1907394;14969498.627616515
147304;7057465.7622530917
699153;7718349.8048547804
755528;7071267.5184850916
79322;6983190.7182887774
529784;8087526.3807432353
963666;7425804.3550312836
1740892;16652012.736843547
1022215;2178831.8003368792
702457;14461238.531032093
172856;2159853.1216702694
690994;21431093.784823745
1174652;6674764.4019645182
1705668;16027047.360593108
1810467;7057478.9400370829
755515;21849022.822024565
1455388;14071202.710957315
1410283;16568243.884143755
701901;7256337.5523636714
773114;22284572.967909034
398436;0
954390;6864413.9084600629
1121922;6784748.2688823491
845991;21679379.698461872
1718795;16675776.921607807
1482108;7403324.0487470571
1886388;6370531.6442509238
603520;21320418.682153203
1100937;7490890.9636529768
1251;6657946.9911105083
748248;6867756.9656616012
869220;13925046.426883623
1886102;520933.12019719882
506882;7230507.641700333
153477;0
851470;7223242.9840439707
1125358;2159315.5697872601
1375849;7680275.2180823255
522331;21763549.037405413
1277626;14268443.240787446
697570;7025676.0527803954
1489898;16135963.107930698
1895662;6869472.8466230761
776904;7035983.6462895945
871803;7043501.8481648779
10581;0
1808091;8325812.6645318633
1819538;15058811.954466704
15053;6887540.4863248058
158627;6333351.2080623647
196208;7757732.2181572802
413550;20697863.434000801
698160;7297065.6172433523
1716127;7412341.3437283142
1374586;7476239.377415373
759577;14070657.062503988
700744;7291578.3792502973
1264978;7288811.0326942671
842409;6754457.0844049454
29704;6432.0060462861929
1038686;6977394.3804146666
1640248;0
1396254;7076535.4101382047
448890;7306118.1907057101
766057;21346798.960958544
757388;14194321.813155206
249228;14614963.662260028
765928;7126314.3878490385
615091;2153569.9288385301
104594;15348365.812929451
1819768;15130149.989395933
4188;14598819.442692386
1231280;7498095.5326802069
15989;16042402.422786159
1368018;15439156.724135986
1392468;1727855.8883034752
1101;13577772.754220266
200323;1227240.4796620598
79485;7096275.0631225426
740567;6869378.5561421635
1027497;6956552.1716030007
1804626;20970543.972368024
1727260;21345329.596329395
1368360;6604525.8280499149
1711027;7106470.186609216
1107586;21942856.112891655
2426;13754014.614380483
102;6830357.3579363832
1797151;14193962.111696023
1317572;6863264.8589317938
1651566;15670844.63682488
110436;16064291.798620695
3029;7922507.9124738052
575364;6842379.9583906317
6812;7920950.9555077814
771538;20737340.92042619
1026998;20457558.577499151
1706347;6840107.2892392278
174055;7396441.828895309
1026061;21057788.780439381
460182;7393047.9794211425
1347577;14783878.094493445
1608586;6592821.1828522114
1055740;7164170.9313605838
39;14371240.710274057
958223;7314266.7650082037
1800909;20967539.453509815
606568;6819678.5855432302
1134444;6641066.3451682376
453527;6873910.6888513761
609284;22104110.355308969
1019928;490561.30373190762
691984;6874450.7594908047
1032283;6957311.6362559982
1283510;7418154.8202699348
1778586;489717.05154020764
1293928;6872805.0262929453
97658;6786930.5210347185
1248431;6961120.2383056367
673039;0
708270;6956932.7024626909
252088;2179727.2778366138
1646613;4781.5293229223334
4707;6978057.1113135675
1305543;6873281.6274488037
1317744;7235721.2172055142
1319969;15878092.952666858
9453;6956839.576012739
456244;6977318.8336132402
1196704;7409191.7699261764
534502;6878290.7546212664
693423;7225366.4228366269
697361;7300136.616968995
1022465;6147319.1244421741
690521;7319066.8433433203
1736079;6980642.9643864064
840359;20712758.517241251
434302;2211863.8685366805
1294036;7126587.8040231885
3591;15452453.004887724
1031470;6612624.5436882339
700;15948962.792889103
1026743;7407504.0124295382
175123;2180119.9098509653
1223083;0
603380;15742183.347130433
1649079;6979888.0803740351
1640213;15131924.592342675
180437;7234240.8876430374
230;0
1724050;6582404.3690724634
347310;0
1051279;13754390.064026501
1658309;14606475.095568705
1650090;6880490.1176315313
1101817;0
757503;6885983.1559154009
1647034;0
1015232;6844292.3619449809
19122;6317422.4017607579
1651837;6873145.9244806115
1551745;15558791.913440052
1266270;7304877.1827312605
750683;7134898.7189307883
1711338;7168823.9564324049
427240;14332596.026425211
1191323;1194359.9381005196
357241;7254447.7659706883
1573933;7397335.9755063942
1658142;14458133.5916596
1573203;13627049.160569051
1642247;15964563.096145054
1693189;23055941.915289056
1225711;15575113.435184846
1569372;14222412.482509784
1185460;23296898.064992864
1023084;6691944.9984250031
1020152;7389829.302702303
695363;7254626.5460301628
600710;7947285.5709278025
1056449;14205546.015497593
1227213;6808504.1067897584
1223763;7848310.9976321692
1561612;16793799.737331774
17163;20945051.114220101
1573985;14876921.767140942
1147845;7136446.3159754761
9021;13835203.211685339
789675;21003420.473590001
1545333;6951385.3162484718
425312;7763515.9900588896
1562964;7109795.6442982266
516893;2236405.5266650654
431457;2218962.4551269305
1065053;6776668.5591284446
76965;6394582.1528228009
949111;6858513.7215436092
948012;15775896.802506978
515526;2240138.2124427021
956672;2239962.4159574746
522094;2241053.8797218241
1451604;6967849.8866722211
1562139;6889323.7857349655
1462291;0
1614614;6386819.7308947183
1630534;6941703.9713980816
1538319;6951814.7840822823
1449684;0
6437;13588623.846896961
1442015;7449203.1691480121
1202668;6703689.0418994082
922064;9291629.0752663184
911156;6585931.5060512433
1117492;6756113.4011471393
1380972;7143717.294359697
222;0
2187;7057728.0069082305
660715;7032875.7392340591
557239;5525981.0037518544
1097292;0
914871;5429246.4868766172
893997;7137528.7336698398
1111107;7455106.5819796333
542515;6809968.8589958809
1061609;1725071.3832159257
1055554;6562922.9521861207
760213;2320904.6240596804
1564797;1721244.4903862185
1115292;15702212.55788989
1551800;2155647.6963002472
872873;6986848.2704363866
1375264;7587093.5779695455
5380;15488261.839156924
520187;2323369.5013410733
1375538;6525927.3426615642
1476127;13837096.617300877
10144;1893075.6663920996
17166;14546563.422980661
957390;2323441.0197213455
857550;7152401.3229057845
513794;7044112.9922307683
1118852;13336438.512957156
1362153;7811405.0105462614
1145292;6209431.6220315937
1364465;5298489.4028253714
1113870;20632970.090274408
163319;14106799.747210234
1280639;9345778.3575727027
1537904;20107557.715361632
495457;20372742.569694903
268035;8949447.1362458728
167268;13826461.303388
805294;15187959.10423824
506823;20290131.951641422
1108680;5779972.5124952998
1107692;165154.50892578109
676005;6944592.6910257544
1223019;7582995.6168916235
1294634;7384644.0095740324
946816;21527145.551851165
1358359;6783988.9154678043
705476;6685495.7265815474
1376796;6948342.380395636
1370893;7118233.2280224254
1369489;7210830.8861160893
1380605;6879063.5361063173
723518;0
1209255;7656099.3358272687
850416;7372435.6885753442
1770;7042114.0809144769
856579;14449895.367108839
1287095;14080079.015171016
1264660;14352560.97303397
1361072;6765434.0155826472
619805;12840840.64588269
850446;7027221.496566439
1357673;6724298.7186415363
1366844;7628412.124372297
602435;13923908.668058429
855580;6684717.2441257332
603337;2196378.4825492464
1216237;7257574.0631263396
1175968;8222338.9844294228
919678;6362194.7948923605
159822;2195437.206588909
846129;14073190.665285897
1187158;6813227.0015290547
858854;14355838.177070787
1189755;22101857.895800959
785070;7880409.8705507508
777643;14076402.40151977
1370415;21746810.335703157
356714;2192189.6237632553
934916;8064296.6292124689
1292904;15821157.739037029
1259498;6937508.0886982884
1034235;0
1199297;22182307.802234091
1300398;14199448.857061634
1201606;7551218.4853098234
602594;4228129.6787707135
753771;8323920.7407714445
608382;14403697.095637962
674560;21675525.794551868
1316366;6886947.4105620831
1214298;20137719.195801746
1227255;15239779.784314902
1276883;7196322.3207478253
265788;8009643.7227515196
845380;6675837.8530449355
659991;6834815.0562287103
1016939;7131353.0647222241
1372831;7894231.760942908
416616;20625921.227273058
364787;2323417.4768971317
1401674;7509646.7244307119
876529;16372241.505843488
17303;6920024.6614381867
2918;0
795156;7152765.2315622121
913734;6840125.762768182
702631;15534750.347645313
1393556;21256380.436367754
829504;7648128.1153483624
1302280;7650196.8724953094
649660;21485172.891556904
681;15740152.327628979
1297888;6988262.9216374215
1299283;7947297.2787750829
613871;14207336.394440778
113221;15394512.231389586
13943;7112400.8965628697
193841;7671914.4683473688
1306953;7500715.2856718805
5693;7031768.9086718569
1202456;8679609.2091671582
699704;20471927.661764596
950016;14616045.781994246
202533;7463250.4723486546
1127629;15322490.362037633
1388227;21000722.448454786
64471;20263925.371681865
863768;6785981.9708740544
1300647;7315674.1857097307
876262;14475063.50431855
794259;7846427.6630695146
799858;7249661.2666725582
785475;14471623.900084607
1233059;14710000.882941209
188508;7937397.7158604944
14968;14631482.747471806
1196654;16188841.061838342
941987;22106581.152065236
610950;2072569.0583430817
192042;6987499.6669313889
684296;14540956.77448011
798750;21527931.610440262
178137;0
874466;7016477.9873659024
176902;14471119.008606229
1196161;6857152.881944662
1179613;21929358.645477582
1204336;7718896.7841967596
1200472;0
848918;22280381.796952315
839141;14354158.385042014
679362;662436.16466776736
1265931;21837825.368557557
1353115;6531657.6684588687
1351277;6794484.4741545347
1284546;21234609.71223554
236268;6332676.4634104464
102671;7562567.0800533108
1215724;7646545.601347547
1009024;6590820.2771893535
748663;21488464.016291671
1345322;6500621.3571706228
681489;7045387.5107894633
934942;7042319.1211946858
1257671;22270614.758764379
859373;6932187.8235973809
1284880;15198315.82144326
3015;7263995.0962937092
778881;14702499.299296375
664383;22432121.337668817
1286097;14015853.860973371
1363849;6951722.1383413672
1344053;14235890.12961505
1005429;6749681.7486802274
584333;14763416.495997509
102;0
796455;21083523.673599049
31826;14897042.622388488
261;0
1235196;21858596.5833988
886643;0
787830;14629377.861664135
687104;7039348.1447031312
3350;14287853.850425066
1291946;7409539.1755633987
865584;7944976.8684629267
802403;21072709.166455295
620953;21928655.062256485
797276;7588170.8270486025
619388;6862626.4813087052
801229;7135978.9515840914
100774;3634419.9363116459
1308874;7396978.4431970641
508485;20541118.107238252
866088;6859685.1697291359
1278691;6708691.7927247798
262285;14279700.647808325
1282118;0
528295;21933637.226022288
1267897;7129666.8685367443
1131022;7514341.2374730492
707007;7793205.8393183593
9419;13852435.800204629
870046;15293377.76089802
1093291;21145882.163110942
1214608;13914082.073596818
777630;6843121.0011610975
1176861;6601001.0946162967
1299249;14288547.354647679
602461;15138929.766441239
1215785;21756786.470402077
58077;6578426.0290605314
514993;2145489.7502939962
1261830;6453079.432441934
1261444;15424103.447895644
1211679;14083051.481463291
200512;13861150.447135156
1094182;6603822.3123664446
826372;6526413.2322283247
585283;0
1132589;6853315.3896794161
404578;20449387.056292739
723316;14026260.699047482
1044534;14018177.143621312
942432;20135762.765656453
835128;21409448.553558748
134191;0
31135;0
865925;20973881.586830933
1279599;493148.42015576165
726128;6900384.3880940275
92669;7642844.7099037264
263;0
691867;14712397.04664048
555669;19264218.727803588
1229623;13946606.433601676
712000;7145995.3506305218
530146;2181188.0135399895
604203;7207906.7290952355
1021309;7202392.6548251696
1043691;7410474.0712038474
1141280;6562949.4110469474
1030864;20141418.271675091
160;0
883876;0
1029392;6959469.4993773485
61882;13985203.940427646
710450;7224403.3560577286
729169;0
689790;14979554.834138237
1029093;15137749.872078815
1038141;2845672.4078871547
1129925;7506024.8083163798
770284;7284905.3194743441
503378;19978216.641209684
939374;7233690.3407249264
103220;7731573.5978625724
935613;7231335.7047241824
74952;14174349.576454913
22299;8960320.3137284722
691063;6211304.8378677433
628746;11902693.990111548
683277;7565425.5467943167
85441;0
867660;7309575.2832137337
1043356;14442261.449431857
1094205;6496302.8181841644
769972;15211922.620366341
644750;7567520.909795763
1031398;0
83816;20564975.601201348
1049875;7305457.1561932359
1221951;15418595.678462232
954775;7765588.6882253569
697577;7474826.7443977185
1121393;15512636.619740406
1197410;14600771.05780174
407149;20299112.89151226
587243;15594727.944908516
1131640;21353821.817998495
1016343;7191403.3602878749
419048;7145600.4183638534
1054540;7373052.8474633489
6516;15936232.262968445
1007435;21663763.217956472
940518;7474540.833761503
1051710;6498102.7119879695
706411;2186702.7075671558
515961;6384303.0164937964
1034217;14896012.546359492
937970;7300512.483759217
707682;14602539.093706906
1186744;7133082.4849926624
968233;6500489.5475483229
1193893;20815129.871938881
763176;7143827.2734354204
756022;7126085.0062114308
204;0
1191733;15571962.748998176
1006747;20959249.336220309
99507;6904802.9225049689
610457;21048842.272842858
1006509;21312010.556755271
1031869;7299189.2705673128
1017831;7149836.3032062445
752274;6669243.7368160542
758486;7048876.9379323628
962002;15445850.637149248
691197;21652750.825548775
1037414;15892661.674201882
756556;6759502.0661147917
763138;6875576.4807261657
351854;16271479.97021432
1065092;20321569.003432758
599742;7142624.3686042428
705573;15946244.570028888
1011280;6760479.9395264741
607900;7080260.2694960423
750493;13674771.30351151
164470;19122065.629645057
1295389;23197758.016551387
4476;16477787.466968186
4124214;13965068.115662448
2475395;16902334.763115201
949698;4766990.1471152306
413119;4502282.4501300957
1970963;1957299.4976467087
2496326;15799993.737242159
959955;22802107.387840915
864010;9070794.1224710234
1296368;20323809.643855035
154464;8005122.6145676505
602569;23604848.042366192
1286742;7359383.4491003174
606772;19222642.886856884
674868;2285402.3232414923
2487111;14519235.901066467
4578585;13840059.103914712
950790;2130403.6626825444
2474862;7915455.5613523722
1190749;15933594.119876653
801411;20227817.723115809
2488280;23565068.448191125
2557098;15567470.221151356
687200;15765494.807278406
879920;21089818.832510199
2556756;15925356.177394833
3980022;2287084.9240412298
790589;7595652.7969703237
690027;20807698.312900785
183381;2098746.4858820997
2438506;2146613.4096451555
2551857;15591961.118789541
2555581;15923746.016665416
2641882;22998797.331024911
1289;16367996.1260045
839620;14564672.153372718
704840;2095986.4214719997
272007;2179078.4239348448
946365;0
15526;13581903.065824268
260331;14648825.533570927
1442422;15241599.204440171
2495919;15870580.678212047
1270986;13331531.137187626
316465;7270794.8169406634
2662907;19823186.086996872
76854;6610910.104853862
1278862;15838832.500410691
2133165;22486324.856667105
1938;15173986.457931392
1528;6528605.1581533896
2555713;8480086.9919252507
66350;16286203.627051663
728742;19970869.563804552
608292;19034783.187221054
2069987;20940391.796230029
2486461;8776209.9141279273
709481;20719740.39880212
1368834;13832963.99749895
1290114;8322694.5036745528
763545;2130165.1356549049
269190;21818413.861066688
1838;15933354.305661194
2652658;13822514.439885719
2662004;8807692.5101205353
1206578;14213334.336121427
264824;2125114.3298174348
2641194;16227578.864191527
2327663;9927632.2420471627
2564152;15690665.501826182
883851;4150654.9957543905
1180;8438363.0767051689
6606;21904396.958892774
919513;15607876.048094017
513654;6089223.2170016309
875220;22016365.510523185
171558;0
1197886;22719615.580401853
