y_test,y_pred
[11.0481],41.14757239188859
[11.0481],41.14757239188859
[11.0265],41.14757239188859
[11.0263],41.14757239188859
[0.0002],41.14757239188859
[53.2961],41.14757239188859
[53.2961],41.14757239188859
[53.2315],41.14757239188859
[53.231],41.14757239188859
[32.5206],41.14757239188859
[32.5201],41.14757239188859
[32.4772],41.14757239188859
[53.2872],41.14757239188859
[53.2872],41.14757239188859
[53.228],41.14757239188859
[53.2276],41.14757239188859
[32.5423],41.14757239188859
[32.5419],41.14757239188859
[32.4741],41.14757239188859
[11.9445],41.14757239188859
[11.9445],41.14757239188859
[11.3767],41.14757239188859
[11.3766],41.14757239188859
[8.261],41.14757239188859
[8.2608],41.14757239188859
[1.2103],41.14757239188859
[53.2128],41.14757239188859
[53.2128],41.14757239188859
[53.2125],41.14757239188859
[53.2122],41.14757239188859
[32.5319],41.14757239188859
[32.5315],41.14757239188859
[32.4535],41.14757239188859
[53.216],41.14757239188859
[53.216],41.14757239188859
[52.6053],41.14757239188859
[52.605],41.14757239188859
[32.0484],41.14757239188859
[32.0479],41.14757239188859
[0.0002],41.14757239188859
[53.2109],41.14757239188859
[53.2109],41.14757239188859
[52.6076],41.14757239188859
[52.6073],41.14757239188859
[32.4589],41.14757239188859
[32.4586],41.14757239188859
[32.4531],41.14757239188859
[46.947],41.14757239188859
[46.947],41.14757239188859
[46.4114],41.14757239188859
[0.2573],41.14757239188859
[0.2549],41.14757239188859
[0.2548],41.14757239188859
[0.2418],41.14757239188859
[4.3365],41.14757239188859
[4.3365],41.14757239188859
[0.0045],41.14757239188859
[4.1649],41.14757239188859
[4.1649],41.14757239188859
[2.1139],41.14757239188859
[2.1138],41.14757239188859
[0.9476],41.14757239188859
[0.9474],41.14757239188859
[0.8481],41.14757239188859
[7.0184],41.14757239188859
[7.0184],41.14757239188859
[5.9592],41.14757239188859
[5.9591],41.14757239188859
[5.0424],41.14757239188859
[5.0423],41.14757239188859
[0.2045],41.14757239188859
[42.7128],41.14757239188859
[42.7128],41.14757239188859
[41.7699],41.14757239188859
[1.6254],41.14757239188859
[1.6254],41.14757239188859
[1.011],41.14757239188859
[0.0008],41.14757239188859
[1.6068],41.14757239188859
[1.6068],41.14757239188859
[1.0069],41.14757239188859
[0.0005],41.14757239188859
[31.2527],41.14757239188859
[31.2527],41.14757239188859
[30.9562],41.14757239188859
[30.956],41.14757239188859
[30.042],41.14757239188859
[30.0419],41.14757239188859
[24.9848],41.14757239188859
[24.9846],41.14757239188859
[0.0003],41.14757239188859
[43.0083],41.14757239188859
[43.0083],41.14757239188859
[41.9942],41.14757239188859
[41.994],41.14757239188859
[0.0002],41.14757239188859
[0.0666],41.14757239188859
[0.0666],41.14757239188859
[0.0081],41.14757239188859
[13.0932],41.14757239188859
[13.0932],41.14757239188859
[12.2921],41.14757239188859
[1.0474],41.14757239188859
[0.0051],41.14757239188859
[5.8184],41.14757239188859
[5.8184],41.14757239188859
[4.9597],41.14757239188859
[4.7971],41.14757239188859
[0.0003],41.14757239188859
[0.8698],41.14757239188859
[0.8698],41.14757239188859
[0.2397],41.14757239188859
[0.1378],41.14757239188859
[0.1377],41.14757239188859
[0.0002],41.14757239188859
[29.2262],41.14757239188859
[29.2262],41.14757239188859
[29.2215],41.14757239188859
[29.2214],41.14757239188859
[24.9729],41.14757239188859
[24.9728],41.14757239188859
[23.9497],41.14757239188859
[4.0529],41.14757239188859
[4.0529],41.14757239188859
[3.9992],41.14757239188859
[0.1241],41.14757239188859
[0.1028],41.14757239188859
[82.0412],41.14757239188859
[82.0412],41.14757239188859
[81.2471],41.14757239188859
[81.2418],41.14757239188859
[81.2348],41.14757239188859
[81.2345],41.14757239188859
[71.0917],41.14757239188859
[68.8645],41.14757239188859
[63.9872],41.14757239188859
[4.9449],41.14757239188859
[4.9449],41.14757239188859
[4.3256],41.14757239188859
[0.0002],41.14757239188859
[3.9646],41.14757239188859
[3.9646],41.14757239188859
[0.316],41.14757239188859
[0.3159],41.14757239188859
[0.314],41.14757239188859
[0.3139],41.14757239188859
[0.2348],41.14757239188859
[0.7868],41.14757239188859
[0.7868],41.14757239188859
[0.0022],41.14757239188859
[11.9529],41.14757239188859
[11.9529],41.14757239188859
[11.8828],41.14757239188859
[8.265],41.14757239188859
[8.0125],41.14757239188859
[8.0124],41.14757239188859
[0.0063],41.14757239188859
[13.9028],41.14757239188859
[13.9028],41.14757239188859
[10.2485],41.14757239188859
[9.0607],41.14757239188859
[9.0606],41.14757239188859
[0.0002],41.14757239188859
[4.894],41.14757239188859
[4.894],41.14757239188859
[4.3247],41.14757239188859
[0.0002],41.14757239188859
[4.8631],41.14757239188859
[4.8631],41.14757239188859
[4.3239],41.14757239188859
[0.0002],41.14757239188859
[4.852],41.14757239188859
[4.852],41.14757239188859
[4.3229],41.14757239188859
[0.0007],41.14757239188859
[28.1035],41.14757239188859
[28.1035],41.14757239188859
[25.2214],41.14757239188859
[24.9629],41.14757239188859
[24.9627],41.14757239188859
[24.9626],41.14757239188859
[22.6838],41.14757239188859
[22.6834],41.14757239188859
[0.0002],41.14757239188859
[132.0261],41.14757239188859
[132.0261],41.14757239188859
[131.9264],41.14757239188859
[131.9262],41.14757239188859
[44.1736],41.14757239188859
[44.1733],41.14757239188859
[29.9345],41.14757239188859
[29.9343],41.14757239188859
[28.0872],41.14757239188859
[123.9442],41.14757239188859
[123.9442],41.14757239188859
[121.0831],41.14757239188859
[0.0029],41.14757239188859
[0.0025],41.14757239188859
[0.001],41.14757239188859
[0.0006],41.14757239188859
[0.0002],41.14757239188859
[8.7003],41.14757239188859
[8.7003],41.14757239188859
[5.7659],41.14757239188859
[5.7446],41.14757239188859
[0.0013],41.14757239188859
[0.0009],41.14757239188859
[8.6976],41.14757239188859
[8.6976],41.14757239188859
[5.7677],41.14757239188859
[5.7471],41.14757239188859
[0.0008],41.14757239188859
[0.0004],41.14757239188859
[8.6796],41.14757239188859
[8.6796],41.14757239188859
[8.5973],41.14757239188859
[5.9436],41.14757239188859
[5.7495],41.14757239188859
[5.7335],41.14757239188859
[0.0022],41.14757239188859
[0.0017],41.14757239188859
[8.6698],41.14757239188859
[8.6698],41.14757239188859
[8.5681],41.14757239188859
[5.9374],41.14757239188859
[5.7426],41.14757239188859
[5.7274],41.14757239188859
[0.0012],41.14757239188859
[0.0008],41.14757239188859
[40.0616],41.14757239188859
[40.0616],41.14757239188859
[37.6693],41.14757239188859
[27.9358],41.14757239188859
[0.7378],41.14757239188859
[3.6408],41.14757239188859
[3.6408],41.14757239188859
[2.2213],41.14757239188859
[1.9681],41.14757239188859
[1.968],41.14757239188859
[0.0003],41.14757239188859
[43.5191],41.14757239188859
[43.5191],41.14757239188859
[43.4179],41.14757239188859
[42.4861],41.14757239188859
[32.4991],41.14757239188859
[32.4564],41.14757239188859
[2.1331],41.14757239188859
[2.1331],41.14757239188859
[1.1909],41.14757239188859
[0.9666],41.14757239188859
[0.9665],41.14757239188859
[0.966],41.14757239188859
[0.9659],41.14757239188859
[0.6954],41.14757239188859
[2.1268],41.14757239188859
[2.1268],41.14757239188859
[1.1906],41.14757239188859
[0.9697],41.14757239188859
[0.9696],41.14757239188859
[0.6951],41.14757239188859
[91.3399],41.14757239188859
[91.3399],41.14757239188859
[91.2892],41.14757239188859
[0.0002],41.14757239188859
[42.2601],41.14757239188859
[42.2601],41.14757239188859
[42.0685],41.14757239188859
[29.0066],41.14757239188859
[29.0066],41.14757239188859
[26.6466],41.14757239188859
[26.6464],41.14757239188859
[0.0001],41.14757239188859
[121.958],41.14757239188859
[121.958],41.14757239188859
[114.776],41.14757239188859
[111.725],41.14757239188859
[104.6541],41.14757239188859
[104.6534],41.14757239188859
[44.8378],41.14757239188859
[43.2071],41.14757239188859
[43.2069],41.14757239188859
[41.8253],41.14757239188859
[41.8252],41.14757239188859
[16.8524],41.14757239188859
[16.8523],41.14757239188859
[16.8499],41.14757239188859
[16.8498],41.14757239188859
[0.0019],41.14757239188859
[38.9607],41.14757239188859
[38.9607],41.14757239188859
[36.7959],41.14757239188859
[24.0622],41.14757239188859
[2.1901],41.14757239188859
[2.1901],41.14757239188859
[0.1543],41.14757239188859
[0.1543],41.14757239188859
[7.6628],41.14757239188859
[7.6628],41.14757239188859
[6.8963],41.14757239188859
[6.7103],41.14757239188859
[0.0004],41.14757239188859
[108.5732],41.14757239188859
[108.5732],41.14757239188859
[108.5148],41.14757239188859
[0.0002],41.14757239188859
[8.2812],41.14757239188859
[8.2812],41.14757239188859
[8.1366],41.14757239188859
[0.0011],41.14757239188859
[48.1326],41.14757239188859
[48.1326],41.14757239188859
[46.836],41.14757239188859
[18.8756],41.14757239188859
[18.8752],41.14757239188859
[0.0002],41.14757239188859
[142.1139],41.14757239188859
[142.1139],41.14757239188859
[142.0286],41.14757239188859
[142.0281],41.14757239188859
[0.0002],41.14757239188859
[132.8909],41.14757239188859
[132.8909],41.14757239188859
[131.9802],41.14757239188859
[129.7921],41.14757239188859
[35.9531],41.14757239188859
[34.9167],41.14757239188859
[34.7753],41.14757239188859
[139.8462],41.14757239188859
[139.8462],41.14757239188859
[139.016],41.14757239188859
[0.0002],41.14757239188859
[8.2407],41.14757239188859
[8.2407],41.14757239188859
[8.2014],41.14757239188859
[8.2013],41.14757239188859
[6.2043],41.14757239188859
[6.2042],41.14757239188859
[2.0659],41.14757239188859
[6.0446],41.14757239188859
[6.0446],41.14757239188859
[5.8395],41.14757239188859
[0.0002],41.14757239188859
[0.189],41.14757239188859
[0.189],41.14757239188859
[0.1431],41.14757239188859
[0.1076],41.14757239188859
[0.0002],41.14757239188859
[7.7829],41.14757239188859
[7.7829],41.14757239188859
[7.6743],41.14757239188859
[7.026],41.14757239188859
[3.0081],41.14757239188859
[109.9953],41.14757239188859
[109.9953],41.14757239188859
[105.0185],41.14757239188859
[102.0153],41.14757239188859
[27.2357],41.14757239188859
[27.2354],41.14757239188859
[0.0146],41.14757239188859
[0.0143],41.14757239188859
[0.0021],41.14757239188859
[60.8716],41.14757239188859
[60.8716],41.14757239188859
[60.2808],41.14757239188859
[10.1463],41.14757239188859
[10.1462],41.14757239188859
[5.2355],41.14757239188859
[49.3665],41.14757239188859
[49.3665],41.14757239188859
[45.3848],41.14757239188859
[45.3847],41.14757239188859
[44.209],41.14757239188859
[44.2081],41.14757239188859
[42.1511],41.14757239188859
[42.1333],41.14757239188859
[0.3264],41.14757239188859
[59.7603],41.14757239188859
[59.7603],41.14757239188859
[55.8921],41.14757239188859
[20.581],41.14757239188859
[20.5804],41.14757239188859
[0.0002],41.14757239188859
[45.5424],41.14757239188859
[45.5424],41.14757239188859
[44.6725],41.14757239188859
[41.9428],41.14757239188859
[38.8759],41.14757239188859
[33.018],41.14757239188859
[33.018],41.14757239188859
[29.4387],41.14757239188859
[27.2669],41.14757239188859
[27.2668],41.14757239188859
[0.4195],41.14757239188859
[13.1596],41.14757239188859
[13.1596],41.14757239188859
[13.1287],41.14757239188859
[7.9216],41.14757239188859
[7.6719],41.14757239188859
[0.112],41.14757239188859
[0.1119],41.14757239188859
[0.1118],41.14757239188859
[0.1101],41.14757239188859
[0.0724],41.14757239188859
[25.0974],41.14757239188859
[25.0974],41.14757239188859
[24.958],41.14757239188859
[12.0764],41.14757239188859
[8.1945],41.14757239188859
[11.905],41.14757239188859
[11.905],41.14757239188859
[9.0433],41.14757239188859
[9.0432],41.14757239188859
[8.7437],41.14757239188859
[8.7436],41.14757239188859
[0.0001],41.14757239188859
[3.0268],41.14757239188859
[3.0268],41.14757239188859
[0.2613],41.14757239188859
[0.2209],41.14757239188859
[0.2206],41.14757239188859
[0.0014],41.14757239188859
[0.0011],41.14757239188859
[17.7004],41.14757239188859
[17.7004],41.14757239188859
[15.017],41.14757239188859
[14.8098],41.14757239188859
[14.8097],41.14757239188859
[12.7187],41.14757239188859
[11.8503],41.14757239188859
[0.0364],41.14757239188859
[0.0099],41.14757239188859
[0.0006],41.14757239188859
[0.0005],41.14757239188859
[0.0004],41.14757239188859
[0.0002],41.14757239188859
[128.9259],41.14757239188859
[128.9259],41.14757239188859
[126.9517],41.14757239188859
[125.0054],41.14757239188859
[49.9055],41.14757239188859
[49.9052],41.14757239188859
[49.217],41.14757239188859
[43.1316],41.14757239188859
[43.131],41.14757239188859
[43.1294],41.14757239188859
[42.9457],41.14757239188859
[37.9962],41.14757239188859
[25.1581],41.14757239188859
[12.9808],41.14757239188859
[12.9805],41.14757239188859
[12.1902],41.14757239188859
[11.7136],41.14757239188859
[60.2498],41.14757239188859
[60.2498],41.14757239188859
[60.2194],41.14757239188859
[43.2181],41.14757239188859
[43.1402],41.14757239188859
[4.2185],41.14757239188859
[1.2766],41.14757239188859
[9.0153],41.14757239188859
[9.0153],41.14757239188859
[8.9794],41.14757239188859
[8.9793],41.14757239188859
[8.7585],41.14757239188859
[8.7584],41.14757239188859
[0.0001],41.14757239188859
[15.0117],41.14757239188859
[15.0117],41.14757239188859
[15.0065],41.14757239188859
[15.0062],41.14757239188859
[0.0002],41.14757239188859
[14.8412],41.14757239188859
[14.8412],41.14757239188859
[6.8384],41.14757239188859
[67.421],41.14757239188859
[67.421],41.14757239188859
[65.3499],41.14757239188859
[37.5994],41.14757239188859
[37.5991],41.14757239188859
[21.7025],41.14757239188859
[0.3294],41.14757239188859
[0.0014],41.14757239188859
[126.6517],41.14757239188859
[126.6517],41.14757239188859
[125.8366],41.14757239188859
[125.6888],41.14757239188859
[125.6887],41.14757239188859
[0.0016],41.14757239188859
[64.0132],41.14757239188859
[64.0132],41.14757239188859
[63.845],41.14757239188859
[62.712],41.14757239188859
[62.4666],41.14757239188859
[61.9306],41.14757239188859
[61.9305],41.14757239188859
[61.9303],41.14757239188859
[29.0224],41.14757239188859
[26.001],41.14757239188859
[0.0013],41.14757239188859
[0.0012],41.14757239188859
[0.0006],41.14757239188859
[2.1925],41.14757239188859
[2.1925],41.14757239188859
[2.1681],41.14757239188859
[2.0297],41.14757239188859
[2.0296],41.14757239188859
[0.2727],41.14757239188859
[37.8798],41.14757239188859
[37.8798],41.14757239188859
[37.8048],41.14757239188859
[37.8045],41.14757239188859
[37.7919],41.14757239188859
[37.7917],41.14757239188859
[37.7916],41.14757239188859
[37.5303],41.14757239188859
[33.813],41.14757239188859
[33.813],41.14757239188859
[32.0745],41.14757239188859
[31.7977],41.14757239188859
[31.7976],41.14757239188859
[26.8106],41.14757239188859
[26.8104],41.14757239188859
[0.0001],41.14757239188859
[34.3105],41.14757239188859
[34.3105],41.14757239188859
[24.9837],41.14757239188859
[0.0403],41.14757239188859
[0.0277],41.14757239188859
[49.9564],41.14757239188859
[49.9564],41.14757239188859
[49.8492],41.14757239188859
[49.031],41.14757239188859
[0.0002],41.14757239188859
[40.1825],41.14757239188859
[40.1825],41.14757239188859
[39.268],41.14757239188859
[31.9109],41.14757239188859
[19.1661],41.14757239188859
[14.1795],41.14757239188859
[5.8172],41.14757239188859
[5.8172],41.14757239188859
[5.009],41.14757239188859
[5.0088],41.14757239188859
[0.0002],41.14757239188859
[69.0376],41.14757239188859
[69.0376],41.14757239188859
[68.2851],41.14757239188859
[68.0286],41.14757239188859
[68.0285],41.14757239188859
[0.0003],41.14757239188859
[19.6266],41.14757239188859
[19.6266],41.14757239188859
[19.4948],41.14757239188859
[18.6065],41.14757239188859
[3.6813],41.14757239188859
[6.6983],41.14757239188859
[6.6983],41.14757239188859
[6.0793],41.14757239188859
[5.8108],41.14757239188859
[5.8107],41.14757239188859
[0.0001],41.14757239188859
[4.6303],41.14757239188859
[4.6303],41.14757239188859
[4.5585],41.14757239188859
[4.0166],41.14757239188859
[0.0484],41.14757239188859
[1.176],41.14757239188859
[1.176],41.14757239188859
[0.4018],41.14757239188859
[0.001],41.14757239188859
[0.0007],41.14757239188859
[0.0005],41.14757239188859
[0.0003],41.14757239188859
[91.0204],41.14757239188859
[91.0204],41.14757239188859
[90.2367],41.14757239188859
[90.2366],41.14757239188859
[90.0423],41.14757239188859
[90.0422],41.14757239188859
[78.1895],41.14757239188859
[78.1892],41.14757239188859
[16.0118],41.14757239188859
[6.1601],41.14757239188859
[6.1601],41.14757239188859
[6.1217],41.14757239188859
[5.949],41.14757239188859
[2.9541],41.14757239188859
[12.1528],41.14757239188859
[12.1528],41.14757239188859
[10.1014],41.14757239188859
[0.0002],41.14757239188859
[33.8979],41.14757239188859
[33.8979],41.14757239188859
[33.8508],41.14757239188859
[0.0004],41.14757239188859
[33.8911],41.14757239188859
[33.8911],41.14757239188859
[33.8481],41.14757239188859
[0.0009],41.14757239188859
[80.0017],41.14757239188859
[80.0017],41.14757239188859
[79.9618],41.14757239188859
[14.1823],41.14757239188859
[14.1819],41.14757239188859
[14.0179],41.14757239188859
[61.1119],41.14757239188859
[61.1119],41.14757239188859
[61.1096],41.14757239188859
[61.1089],41.14757239188859
[42.1241],41.14757239188859
[42.124],41.14757239188859
[0.0007],41.14757239188859
[115.0763],41.14757239188859
[115.0763],41.14757239188859
[115.0538],41.14757239188859
[103.8594],41.14757239188859
[103.859],41.14757239188859
[114.2881],41.14757239188859
[114.2881],41.14757239188859
[114.2761],41.14757239188859
[63.3244],41.14757239188859
[63.3242],41.14757239188859
[42.2181],41.14757239188859
[41.9708],41.14757239188859
[1.2808],41.14757239188859
[1.2808],41.14757239188859
[1.2681],41.14757239188859
[0.0003],41.14757239188859
[9.8333],41.14757239188859
[9.8333],41.14757239188859
[9.1099],41.14757239188859
[1.0574],41.14757239188859
[1.0506],41.14757239188859
[1.0371],41.14757239188859
[1.037],41.14757239188859
[1.0278],41.14757239188859
[113.9609],41.14757239188859
[113.9609],41.14757239188859
[113.3464],41.14757239188859
[63.323],41.14757239188859
[63.3228],41.14757239188859
[6.1833],41.14757239188859
[6.1833],41.14757239188859
[5.257],41.14757239188859
[5.2569],41.14757239188859
[0.0012],41.14757239188859
[13.0247],41.14757239188859
[13.0247],41.14757239188859
[12.987],41.14757239188859
[12.7555],41.14757239188859
[10.9513],41.14757239188859
[10.5895],41.14757239188859
[10.5889],41.14757239188859
[0.001],41.14757239188859
[0.0007],41.14757239188859
[16.2131],41.14757239188859
[16.2131],41.14757239188859
[16.0204],41.14757239188859
[54.2161],41.14757239188859
[54.2161],41.14757239188859
[54.1454],41.14757239188859
[54.1452],41.14757239188859
[45.0661],41.14757239188859
[45.0655],41.14757239188859
[0.0003],41.14757239188859
[47.7485],41.14757239188859
[47.7485],41.14757239188859
[46.8041],41.14757239188859
[31.7883],41.14757239188859
[31.7881],41.14757239188859
[31.7646],41.14757239188859
[6.1363],41.14757239188859
[6.1363],41.14757239188859
[5.2935],41.14757239188859
[0.0005],41.14757239188859
[6.1362],41.14757239188859
[6.1362],41.14757239188859
[5.2963],41.14757239188859
[0.0014],41.14757239188859
[33.2626],41.14757239188859
[33.2626],41.14757239188859
[32.9633],41.14757239188859
[24.6794],41.14757239188859
[24.6792],41.14757239188859
[0.0002],41.14757239188859
[6.0851],41.14757239188859
[6.0851],41.14757239188859
[5.9071],41.14757239188859
[5.0578],41.14757239188859
[1.1903],41.14757239188859
[1.1902],41.14757239188859
[0.0127],41.14757239188859
[39.8421],41.14757239188859
[39.8421],41.14757239188859
[39.8369],41.14757239188859
[28.0769],41.14757239188859
[26.8929],41.14757239188859
[6.868],41.14757239188859
[0.0013],41.14757239188859
[6.6718],41.14757239188859
[6.6718],41.14757239188859
[6.1381],41.14757239188859
[0.0002],41.14757239188859
[123.0509],41.14757239188859
[123.0509],41.14757239188859
[122.8908],41.14757239188859
[122.8907],41.14757239188859
[122.8751],41.14757239188859
[122.875],41.14757239188859
[11.9257],41.14757239188859
[11.9256],41.14757239188859
[9.2487],41.14757239188859
[9.2485],41.14757239188859
[0.0002],41.14757239188859
[3.4883],41.14757239188859
[3.4883],41.14757239188859
[3.3444],41.14757239188859
[3.3268],41.14757239188859
[3.3267],41.14757239188859
[0.0002],41.14757239188859
[3.8716],41.14757239188859
[3.8716],41.14757239188859
[3.7671],41.14757239188859
[0.1247],41.14757239188859
[0.1245],41.14757239188859
[0.0627],41.14757239188859
[19.8051],41.14757239188859
[19.8051],41.14757239188859
[17.017],41.14757239188859
[15.8006],41.14757239188859
[0.0122],41.14757239188859
[26.9677],41.14757239188859
[26.9677],41.14757239188859
[24.313],41.14757239188859
[0.0009],41.14757239188859
[26.9574],41.14757239188859
[26.9574],41.14757239188859
[25.1985],41.14757239188859
[24.3103],41.14757239188859
[0.0002],41.14757239188859
[26.9454],41.14757239188859
[26.9454],41.14757239188859
[26.8502],41.14757239188859
[24.2995],41.14757239188859
[0.0002],41.14757239188859
[12.9999],41.14757239188859
[12.9999],41.14757239188859
[12.2511],41.14757239188859
[1.2122],41.14757239188859
[1.2122],41.14757239188859
[1.1049],41.14757239188859
[0.2091],41.14757239188859
[0.0002],41.14757239188859
[17.0203],41.14757239188859
[17.0203],41.14757239188859
[17.002],41.14757239188859
[15.7952],41.14757239188859
[0.0074],41.14757239188859
[3.8682],41.14757239188859
[3.8682],41.14757239188859
[3.8566],41.14757239188859
[20.7457],41.14757239188859
[20.7457],41.14757239188859
[20.0206],41.14757239188859
[20.0205],41.14757239188859
[17.5609],41.14757239188859
[17.5607],41.14757239188859
[0.0002],41.14757239188859
[27.2504],41.14757239188859
[27.2504],41.14757239188859
[27.1983],41.14757239188859
[24.7089],41.14757239188859
[24.7087],41.14757239188859
[24.2371],41.14757239188859
[5.9775],41.14757239188859
[5.9775],41.14757239188859
[5.8421],41.14757239188859
[5.842],41.14757239188859
[5.8411],41.14757239188859
[5.8409],41.14757239188859
[0.0001],41.14757239188859
[0.8232],41.14757239188859
[0.8232],41.14757239188859
[0.7773],41.14757239188859
[0.029],41.14757239188859
[0.0287],41.14757239188859
[0.0193],41.14757239188859
[27.8228],41.14757239188859
[27.8228],41.14757239188859
[26.7956],41.14757239188859
[3.7842],41.14757239188859
[0.0009],41.14757239188859
[5.5193],41.14757239188859
[5.5193],41.14757239188859
[4.9812],41.14757239188859
[3.9967],41.14757239188859
[3.9966],41.14757239188859
[3.8091],41.14757239188859
[8.4021],41.14757239188859
[8.4021],41.14757239188859
[7.6212],41.14757239188859
[0.0002],41.14757239188859
[5.5008],41.14757239188859
[5.5008],41.14757239188859
[4.9804],41.14757239188859
[3.9973],41.14757239188859
[3.9972],41.14757239188859
[3.8084],41.14757239188859
[5.048],41.14757239188859
[5.048],41.14757239188859
[4.9754],41.14757239188859
[4.9753],41.14757239188859
[3.9769],41.14757239188859
[3.9768],41.14757239188859
[3.8677],41.14757239188859
[1.793],41.14757239188859
[1.793],41.14757239188859
[1.7418],41.14757239188859
[1.6839],41.14757239188859
[0.0004],41.14757239188859
[4.9289],41.14757239188859
[4.9289],41.14757239188859
[4.2498],41.14757239188859
[0.1778],41.14757239188859
[0.1771],41.14757239188859
[0.0368],41.14757239188859
[28.9073],41.14757239188859
[28.9073],41.14757239188859
[28.877],41.14757239188859
[8.0006],41.14757239188859
[1.8408],41.14757239188859
[7.1056],41.14757239188859
[7.1056],41.14757239188859
[6.9824],41.14757239188859
[6.0056],41.14757239188859
[3.0331],41.14757239188859
[3.0329],41.14757239188859
[0.9373],41.14757239188859
[7.1001],41.14757239188859
[7.1001],41.14757239188859
[7.0433],41.14757239188859
[6.0052],41.14757239188859
[3.0332],41.14757239188859
[3.0331],41.14757239188859
[0.937],41.14757239188859
[7.0956],41.14757239188859
[7.0956],41.14757239188859
[7.0098],41.14757239188859
[6.005],41.14757239188859
[3.0335],41.14757239188859
[3.0334],41.14757239188859
[0.9368],41.14757239188859
[80.9316],41.14757239188859
[80.9316],41.14757239188859
[79.9033],41.14757239188859
[77.099],41.14757239188859
[77.0989],41.14757239188859
[76.0393],41.14757239188859
[76.0392],41.14757239188859
[4.7953],41.14757239188859
[4.7951],41.14757239188859
[4.7917],41.14757239188859
[4.9642],41.14757239188859
[4.9642],41.14757239188859
[1.2298],41.14757239188859
[0.0004],41.14757239188859
[24.8461],41.14757239188859
[24.8461],41.14757239188859
[24.0494],41.14757239188859
[21.249],41.14757239188859
[21.2489],41.14757239188859
[18.9069],41.14757239188859
[18.9068],41.14757239188859
[18.8463],41.14757239188859
[58.9889],41.14757239188859
[58.9889],41.14757239188859
[56.3199],41.14757239188859
[56.3005],41.14757239188859
[56.3004],41.14757239188859
[55.1812],41.14757239188859
[55.1811],41.14757239188859
[33.179],41.14757239188859
[4.6954],41.14757239188859
[4.6954],41.14757239188859
[4.5679],41.14757239188859
[2.0455],41.14757239188859
[0.0002],41.14757239188859
[4.659],41.14757239188859
[4.659],41.14757239188859
[4.5686],41.14757239188859
[2.0462],41.14757239188859
[0.0002],41.14757239188859
[4.6509],41.14757239188859
[4.6509],41.14757239188859
[4.5451],41.14757239188859
[2.0495],41.14757239188859
[0.0004],41.14757239188859
[8.1782],41.14757239188859
[8.1782],41.14757239188859
[7.3298],41.14757239188859
[7.3297],41.14757239188859
[1.0718],41.14757239188859
[1.0717],41.14757239188859
[0.31],41.14757239188859
[9.8555],41.14757239188859
[9.8555],41.14757239188859
[8.4454],41.14757239188859
[6.7973],41.14757239188859
[6.7973],41.14757239188859
[6.0905],41.14757239188859
[6.0904],41.14757239188859
[3.8404],41.14757239188859
[3.8403],41.14757239188859
[3.759],41.14757239188859
[64.9025],41.14757239188859
[64.9025],41.14757239188859
[64.8889],41.14757239188859
[9.9031],41.14757239188859
[9.9028],41.14757239188859
[5.9399],41.14757239188859
[5.9397],41.14757239188859
[1.9533],41.14757239188859
[1.9529],41.14757239188859
[1.9415],41.14757239188859
[99.7694],41.14757239188859
[99.7694],41.14757239188859
[99.0725],41.14757239188859
[98.0405],41.14757239188859
[98.0402],41.14757239188859
[43.897],41.14757239188859
[43.897],41.14757239188859
[43.2618],41.14757239188859
[5.9368],41.14757239188859
[5.9364],41.14757239188859
[0.0002],41.14757239188859
[68.8326],41.14757239188859
[68.8326],41.14757239188859
[68.707],41.14757239188859
[3.0721],41.14757239188859
[3.07],41.14757239188859
[3.0697],41.14757239188859
[3.0685],41.14757239188859
[3.0315],41.14757239188859
[15.9087],41.14757239188859
[15.9087],41.14757239188859
[15.8133],41.14757239188859
[57.8378],41.14757239188859
[57.8378],41.14757239188859
[57.164],41.14757239188859
[0.0006],41.14757239188859
[57.8324],41.14757239188859
[57.8324],41.14757239188859
[57.161],41.14757239188859
[0.0007],41.14757239188859
[81.8457],41.14757239188859
[81.8457],41.14757239188859
[81.8091],41.14757239188859
[0.0002],41.14757239188859
[4.747],41.14757239188859
[4.747],41.14757239188859
[4.0296],41.14757239188859
[4.0295],41.14757239188859
[3.8553],41.14757239188859
[3.8552],41.14757239188859
[2.9084],41.14757239188859
[4.7407],41.14757239188859
[4.7407],41.14757239188859
[4.0105],41.14757239188859
[4.0104],41.14757239188859
[3.8532],41.14757239188859
[3.8531],41.14757239188859
[2.9082],41.14757239188859
[4.7272],41.14757239188859
[4.7272],41.14757239188859
[4.038],41.14757239188859
[3.8535],41.14757239188859
[3.8534],41.14757239188859
[2.908],41.14757239188859
[4.7205],41.14757239188859
[4.7205],41.14757239188859
[4.0378],41.14757239188859
[3.8518],41.14757239188859
[3.8517],41.14757239188859
[2.9078],41.14757239188859
[10.9091],41.14757239188859
[10.9091],41.14757239188859
[10.9051],41.14757239188859
[34.7783],41.14757239188859
[34.7783],41.14757239188859
[34.6822],41.14757239188859
[21.951],41.14757239188859
[0.0102],41.14757239188859
[21.0386],41.14757239188859
[21.0386],41.14757239188859
[21.0338],41.14757239188859
[20.979],41.14757239188859
[20.9785],41.14757239188859
[20.3802],41.14757239188859
[35.0542],41.14757239188859
[35.0542],41.14757239188859
[34.9298],41.14757239188859
[34.3221],41.14757239188859
[13.0274],41.14757239188859
[10.3788],41.14757239188859
[10.0894],41.14757239188859
[1.8634],41.14757239188859
[0.0003],41.14757239188859
[45.7587],41.14757239188859
[45.7587],41.14757239188859
[45.6951],41.14757239188859
[40.8183],41.14757239188859
[39.7315],41.14757239188859
[18.0384],41.14757239188859
[3.9275],41.14757239188859
[56.3092],41.14757239188859
[56.3092],41.14757239188859
[56.1958],41.14757239188859
[0.0004],41.14757239188859
[54.1652],41.14757239188859
[54.1652],41.14757239188859
[54.0139],41.14757239188859
[33.9945],41.14757239188859
[12.9448],41.14757239188859
[3.8179],41.14757239188859
[3.8179],41.14757239188859
[1.1155],41.14757239188859
[0.7865],41.14757239188859
[0.7864],41.14757239188859
[0.0003],41.14757239188859
[9.8181],41.14757239188859
[9.8181],41.14757239188859
[7.233],41.14757239188859
[5.951],41.14757239188859
[5.9508],41.14757239188859
[2.2973],41.14757239188859
[19.7997],41.14757239188859
[19.7997],41.14757239188859
[19.113],41.14757239188859
[16.9267],41.14757239188859
[16.8692],41.14757239188859
[7.8772],41.14757239188859
[7.8772],41.14757239188859
[6.8103],41.14757239188859
[5.8501],41.14757239188859
[5.85],41.14757239188859
[0.0946],41.14757239188859
[2.0146],41.14757239188859
[2.0146],41.14757239188859
[1.8586],41.14757239188859
[2.0087],41.14757239188859
[2.0087],41.14757239188859
[1.8565],41.14757239188859
[77.426],41.14757239188859
[77.426],41.14757239188859
[77.3458],41.14757239188859
[42.4644],41.14757239188859
[42.4642],41.14757239188859
[41.5929],41.14757239188859
[77.4201],41.14757239188859
[77.4201],41.14757239188859
[77.3452],41.14757239188859
[42.4676],41.14757239188859
[42.4674],41.14757239188859
[41.5907],41.14757239188859
[0.7815],41.14757239188859
[0.7815],41.14757239188859
[0.7667],41.14757239188859
[0.0002],41.14757239188859
[1.2806],41.14757239188859
[1.2806],41.14757239188859
[0.2109],41.14757239188859
[19.9423],41.14757239188859
[19.9423],41.14757239188859
[18.3542],41.14757239188859
[17.2741],41.14757239188859
[17.274],41.14757239188859
[0.0002],41.14757239188859
[6.5591],41.14757239188859
[6.5591],41.14757239188859
[5.1262],41.14757239188859
[4.8651],41.14757239188859
[4.8649],41.14757239188859
[0.1067],41.14757239188859
[6.5431],41.14757239188859
[6.5431],41.14757239188859
[6.5028],41.14757239188859
[5.1258],41.14757239188859
[4.0479],41.14757239188859
[4.0477],41.14757239188859
[0.1064],41.14757239188859
[1.1062],41.14757239188859
[1.1062],41.14757239188859
[0.2875],41.14757239188859
[0.0004],41.14757239188859
[91.9691],41.14757239188859
[91.9691],41.14757239188859
[91.2481],41.14757239188859
[78.0031],41.14757239188859
[78.0029],41.14757239188859
[58.9483],41.14757239188859
[50.1677],41.14757239188859
[50.1483],41.14757239188859
[5.7841],41.14757239188859
[5.7841],41.14757239188859
[5.1307],41.14757239188859
[5.1306],41.14757239188859
[4.9924],41.14757239188859
[4.992],41.14757239188859
[0.961],41.14757239188859
[4.3268],41.14757239188859
[4.3268],41.14757239188859
[3.2881],41.14757239188859
[0.0002],41.14757239188859
[13.9334],41.14757239188859
[13.9334],41.14757239188859
[13.672],41.14757239188859
[9.6857],41.14757239188859
[9.0603],41.14757239188859
[8.7443],41.14757239188859
[8.6451],41.14757239188859
[2.7561],41.14757239188859
[2.7559],41.14757239188859
[2.7556],41.14757239188859
[2.7553],41.14757239188859
[2.7355],41.14757239188859
[2.7319],41.14757239188859
[0.0445],41.14757239188859
[0.0088],41.14757239188859
[4.3449],41.14757239188859
[4.3449],41.14757239188859
[1.9407],41.14757239188859
[0.0575],41.14757239188859
[0.0003],41.14757239188859
[10.4059],41.14757239188859
[10.4059],41.14757239188859
[7.9438],41.14757239188859
[0.0002],41.14757239188859
[27.6667],41.14757239188859
[27.6667],41.14757239188859
[26.9593],41.14757239188859
[25.7804],41.14757239188859
[18.8037],41.14757239188859
[18.7781],41.14757239188859
[18.7562],41.14757239188859
[0.0316],41.14757239188859
[0.0316],41.14757239188859
[0.0268],41.14757239188859
[0.0002],41.14757239188859
[0.9411],41.14757239188859
[0.9411],41.14757239188859
[0.8393],41.14757239188859
[0.6269],41.14757239188859
[0.6023],41.14757239188859
[70.2021],41.14757239188859
[70.2021],41.14757239188859
[60.9273],41.14757239188859
[58.9376],41.14757239188859
[3.8327],41.14757239188859
[3.8325],41.14757239188859
[3.303],41.14757239188859
[66.1463],41.14757239188859
[66.1463],41.14757239188859
[62.0841],41.14757239188859
[58.1232],41.14757239188859
[0.0002],41.14757239188859
[7.7375],41.14757239188859
[7.7375],41.14757239188859
[6.9829],41.14757239188859
[6.9569],41.14757239188859
[6.9565],41.14757239188859
[0.0003],41.14757239188859
[13.0343],41.14757239188859
[13.0343],41.14757239188859
[12.3422],41.14757239188859
[10.003],41.14757239188859
[10.0029],41.14757239188859
[0.0002],41.14757239188859
[13.7178],41.14757239188859
[13.7178],41.14757239188859
[13.0494],41.14757239188859
[10.7165],41.14757239188859
[10.7164],41.14757239188859
[0.0001],41.14757239188859
[5.7215],41.14757239188859
[5.7215],41.14757239188859
[5.3011],41.14757239188859
[2.975],41.14757239188859
[2.9749],41.14757239188859
[2.8997],41.14757239188859
[57.2477],41.14757239188859
[57.2477],41.14757239188859
[57.2409],41.14757239188859
[38.2317],41.14757239188859
[38.2313],41.14757239188859
[6.3105],41.14757239188859
[6.3104],41.14757239188859
[0.0002],41.14757239188859
[13.2478],41.14757239188859
[13.2478],41.14757239188859
[8.0219],41.14757239188859
[8.0215],41.14757239188859
[6.248],41.14757239188859
[6.2477],41.14757239188859
[5.1467],41.14757239188859
[18.9887],41.14757239188859
[18.9887],41.14757239188859
[18.9763],41.14757239188859
[16.7512],41.14757239188859
[4.7375],41.14757239188859
[4.7375],41.14757239188859
[4.0533],41.14757239188859
[8.9557],41.14757239188859
[8.9557],41.14757239188859
[8.0875],41.14757239188859
[7.0288],41.14757239188859
[7.0286],41.14757239188859
[0.0001],41.14757239188859
[0.1245],41.14757239188859
[0.1245],41.14757239188859
[0.0712],41.14757239188859
[0.0098],41.14757239188859
[0.0073],41.14757239188859
[0.0072],41.14757239188859
[0.0002],41.14757239188859
[62.3758],41.14757239188859
[62.3758],41.14757239188859
[59.1217],41.14757239188859
[59.1215],41.14757239188859
[0.0003],41.14757239188859
[6.3527],41.14757239188859
[6.3527],41.14757239188859
[4.2791],41.14757239188859
[2.0236],41.14757239188859
[2.0235],41.14757239188859
[0.0001],41.14757239188859
[65.1093],41.14757239188859
[65.1093],41.14757239188859
[62.9527],41.14757239188859
[62.9525],41.14757239188859
[3.8245],41.14757239188859
[3.8243],41.14757239188859
[2.9748],41.14757239188859
[59.4466],41.14757239188859
[59.4466],41.14757239188859
[59.1375],41.14757239188859
[59.1373],41.14757239188859
[0.0002],41.14757239188859
[79.983],41.14757239188859
[79.983],41.14757239188859
[79.0394],41.14757239188859
[77.7913],41.14757239188859
[77.7911],41.14757239188859
[44.1181],41.14757239188859
[44.1181],41.14757239188859
[43.9321],41.14757239188859
[43.9319],41.14757239188859
[0.0009],41.14757239188859
[79.7613],41.14757239188859
[79.7613],41.14757239188859
[79.0237],41.14757239188859
[79.0236],41.14757239188859
[76.8244],41.14757239188859
[76.8242],41.14757239188859
[79.1179],41.14757239188859
[79.1179],41.14757239188859
[79.0381],41.14757239188859
[76.8157],41.14757239188859
[76.8154],41.14757239188859
[5.7625],41.14757239188859
[5.7625],41.14757239188859
[5.1187],41.14757239188859
[0.0003],41.14757239188859
[5.7621],41.14757239188859
[5.7621],41.14757239188859
[5.1221],41.14757239188859
[0.0003],41.14757239188859
[5.7582],41.14757239188859
[5.7582],41.14757239188859
[5.7026],41.14757239188859
[4.7665],41.14757239188859
[4.7638],41.14757239188859
[0.0004],41.14757239188859
[5.7508],41.14757239188859
[5.7508],41.14757239188859
[5.1154],41.14757239188859
[0.0003],41.14757239188859
[53.9574],41.14757239188859
[53.9574],41.14757239188859
[53.9508],41.14757239188859
[53.8985],41.14757239188859
[24.6759],41.14757239188859
[24.6757],41.14757239188859
[17.8485],41.14757239188859
[9.6806],41.14757239188859
[5.9438],41.14757239188859
[35.8649],41.14757239188859
[35.8649],41.14757239188859
[1.7078],41.14757239188859
[0.9984],41.14757239188859
[0.5686],41.14757239188859
[56.0373],41.14757239188859
[56.0373],41.14757239188859
[53.9286],41.14757239188859
[53.9284],41.14757239188859
[0.0007],41.14757239188859
[5.0626],41.14757239188859
[5.0626],41.14757239188859
[4.3207],41.14757239188859
[4.3128],41.14757239188859
[0.0018],41.14757239188859
[109.9782],41.14757239188859
[109.9782],41.14757239188859
[109.955],41.14757239188859
[81.2136],41.14757239188859
[73.9335],41.14757239188859
[73.9332],41.14757239188859
[40.9493],41.14757239188859
[5.999],41.14757239188859
[5.999],41.14757239188859
[4.0047],41.14757239188859
[0.0002],41.14757239188859
[43.9663],41.14757239188859
[43.9663],41.14757239188859
[43.0876],41.14757239188859
[15.2106],41.14757239188859
[15.2045],41.14757239188859
[55.4813],41.14757239188859
[55.4813],41.14757239188859
[53.9914],41.14757239188859
[0.0581],41.14757239188859
[0.0579],41.14757239188859
[0.0002],41.14757239188859
[68.2603],41.14757239188859
[68.2603],41.14757239188859
[68.203],41.14757239188859
[68.2027],41.14757239188859
[41.9384],41.14757239188859
[41.9382],41.14757239188859
[0.0002],41.14757239188859
[17.2835],41.14757239188859
[17.2835],41.14757239188859
[16.0766],41.14757239188859
[16.0763],41.14757239188859
[9.1162],41.14757239188859
[9.1011],41.14757239188859
[9.1004],41.14757239188859
[9.0871],41.14757239188859
[27.9607],41.14757239188859
[27.9607],41.14757239188859
[27.7997],41.14757239188859
[26.826],41.14757239188859
[22.8522],41.14757239188859
[22.852],41.14757239188859
[0.0004],41.14757239188859
[76.0863],41.14757239188859
[76.0863],41.14757239188859
[75.0483],41.14757239188859
[71.0599],41.14757239188859
[71.0596],41.14757239188859
[63.3284],41.14757239188859
[63.3282],41.14757239188859
[52.8084],41.14757239188859
[52.8084],41.14757239188859
[52.0361],41.14757239188859
[39.0438],41.14757239188859
[39.0434],41.14757239188859
[0.0005],41.14757239188859
[4.3201],41.14757239188859
[4.3201],41.14757239188859
[4.2394],41.14757239188859
[4.1881],41.14757239188859
[0.9608],41.14757239188859
[0.9607],41.14757239188859
[0.0353],41.14757239188859
[4.2729],41.14757239188859
[4.2729],41.14757239188859
[4.1987],41.14757239188859
[4.1474],41.14757239188859
[0.914],41.14757239188859
[0.9139],41.14757239188859
[0.0001],41.14757239188859
[4.2645],41.14757239188859
[4.2645],41.14757239188859
[4.1983],41.14757239188859
[4.147],41.14757239188859
[0.9151],41.14757239188859
[0.9148],41.14757239188859
[0.0001],41.14757239188859
[4.26],41.14757239188859
[4.26],41.14757239188859
[3.9566],41.14757239188859
[0.9119],41.14757239188859
[0.9118],41.14757239188859
[0.0001],41.14757239188859
[4.2367],41.14757239188859
[4.2367],41.14757239188859
[4.2257],41.14757239188859
[0.1551],41.14757239188859
[0.1374],41.14757239188859
[6.9044],41.14757239188859
[6.9044],41.14757239188859
[4.0368],41.14757239188859
[60.6801],41.14757239188859
[60.6801],41.14757239188859
[58.0467],41.14757239188859
[40.5119],41.14757239188859
[40.5115],41.14757239188859
[0.0002],41.14757239188859
[60.2378],41.14757239188859
[60.2378],41.14757239188859
[57.5739],41.14757239188859
[42.4999],41.14757239188859
[42.4997],41.14757239188859
[41.1788],41.14757239188859
[22.0049],41.14757239188859
[22.0049],41.14757239188859
[13.7899],41.14757239188859
[10.9492],41.14757239188859
[0.0003],41.14757239188859
[100.7506],41.14757239188859
[100.7506],41.14757239188859
[99.649],41.14757239188859
[41.9033],41.14757239188859
[41.7232],41.14757239188859
[37.8479],41.14757239188859
[16.73],41.14757239188859
[16.73],41.14757239188859
[16.6499],41.14757239188859
[7.9912],41.14757239188859
[7.9908],41.14757239188859
[7.6023],41.14757239188859
[0.0276],41.14757239188859
[0.0274],41.14757239188859
[0.0002],41.14757239188859
[58.9615],41.14757239188859
[58.9615],41.14757239188859
[54.9141],41.14757239188859
[48.1365],41.14757239188859
[43.008],41.14757239188859
[42.2397],41.14757239188859
[22.9537],41.14757239188859
[22.1349],41.14757239188859
[20.219],41.14757239188859
[0.1297],41.14757239188859
[10.0487],41.14757239188859
[10.0487],41.14757239188859
[6.0502],41.14757239188859
[6.05],41.14757239188859
[0.2495],41.14757239188859
[28.3913],41.14757239188859
[28.3913],41.14757239188859
[27.4252],41.14757239188859
[0.5605],41.14757239188859
[98.142],41.14757239188859
[98.142],41.14757239188859
[97.9526],41.14757239188859
[17.956],41.14757239188859
[17.9557],41.14757239188859
[0.0002],41.14757239188859
[0.8198],41.14757239188859
[0.8198],41.14757239188859
[0.7027],41.14757239188859
[0.69],41.14757239188859
[0.0587],41.14757239188859
[0.0579],41.14757239188859
[0.0002],41.14757239188859
[0.7979],41.14757239188859
[0.7979],41.14757239188859
[0.703],41.14757239188859
[0.7029],41.14757239188859
[0.0001],41.14757239188859
[0.7871],41.14757239188859
[0.7871],41.14757239188859
[0.7026],41.14757239188859
[0.0001],41.14757239188859
[87.0571],41.14757239188859
[87.0571],41.14757239188859
[87.0233],41.14757239188859
[0.0449],41.14757239188859
[0.0448],41.14757239188859
[0.0006],41.14757239188859
[71.8724],41.14757239188859
[71.8724],41.14757239188859
[71.2369],41.14757239188859
[48.1561],41.14757239188859
[48.156],41.14757239188859
[43.0768],41.14757239188859
[43.0766],41.14757239188859
[0.0002],41.14757239188859
[29.0592],41.14757239188859
[29.0592],41.14757239188859
[29.045],41.14757239188859
[28.8012],41.14757239188859
[17.0434],41.14757239188859
[17.0433],41.14757239188859
[0.0002],41.14757239188859
[29.045],41.14757239188859
[29.045],41.14757239188859
[29.0437],41.14757239188859
[28.8003],41.14757239188859
[17.0395],41.14757239188859
[17.0394],41.14757239188859
[0.0002],41.14757239188859
[29.0271],41.14757239188859
[29.0271],41.14757239188859
[28.978],41.14757239188859
[28.801],41.14757239188859
[17.0349],41.14757239188859
[17.0348],41.14757239188859
[0.0006],41.14757239188859
[5.6779],41.14757239188859
[5.6779],41.14757239188859
[5.0465],41.14757239188859
[0.0013],41.14757239188859
[0.001],41.14757239188859
[5.6813],41.14757239188859
[5.6813],41.14757239188859
[5.1192],41.14757239188859
[5.0375],41.14757239188859
[5.0374],41.14757239188859
[0.0006],41.14757239188859
[81.8079],41.14757239188859
[81.8079],41.14757239188859
[79.0732],41.14757239188859
[69.909],41.14757239188859
[69.9088],41.14757239188859
[0.0004],41.14757239188859
[27.7754],41.14757239188859
[27.7754],41.14757239188859
[27.7437],41.14757239188859
[26.9345],41.14757239188859
[13.7323],41.14757239188859
[13.7317],41.14757239188859
[0.0021],41.14757239188859
[4.7557],41.14757239188859
[4.7557],41.14757239188859
[0.6603],41.14757239188859
[4.7294],41.14757239188859
[4.7294],41.14757239188859
[0.6583],41.14757239188859
[40.7545],41.14757239188859
[40.7545],41.14757239188859
[39.9694],41.14757239188859
[39.8232],41.14757239188859
[39.7785],41.14757239188859
[39.7506],41.14757239188859
[20.0527],41.14757239188859
[4.6607],41.14757239188859
[4.6607],41.14757239188859
[0.6583],41.14757239188859
[4.6337],41.14757239188859
[4.6337],41.14757239188859
[0.6572],41.14757239188859
[47.8009],41.14757239188859
[47.8009],41.14757239188859
[45.2821],41.14757239188859
[45.282],41.14757239188859
[41.9969],41.14757239188859
[41.9968],41.14757239188859
[18.8778],41.14757239188859
[19.4428],41.14757239188859
[19.4428],41.14757239188859
[16.936],41.14757239188859
[7.7685],41.14757239188859
[7.7684],41.14757239188859
[0.0003],41.14757239188859
[30.253],41.14757239188859
[30.253],41.14757239188859
[28.6042],41.14757239188859
[28.6041],41.14757239188859
[23.3185],41.14757239188859
[23.3182],41.14757239188859
[20.4695],41.14757239188859
[16.6589],41.14757239188859
[16.6589],41.14757239188859
[12.0103],41.14757239188859
[23.7388],41.14757239188859
[23.7388],41.14757239188859
[23.6575],41.14757239188859
[5.1008],41.14757239188859
[0.0002],41.14757239188859
[33.7221],41.14757239188859
[33.7221],41.14757239188859
[30.0208],41.14757239188859
[29.7846],41.14757239188859
[28.9898],41.14757239188859
[28.9896],41.14757239188859
[22.0124],41.14757239188859
[28.2749],41.14757239188859
[28.2749],41.14757239188859
[27.5204],41.14757239188859
[6.4778],41.14757239188859
[6.4774],41.14757239188859
[6.4358],41.14757239188859
[0.9107],41.14757239188859
[0.9107],41.14757239188859
[0.8494],41.14757239188859
[0.8493],41.14757239188859
[0.0006],41.14757239188859
[55.8603],41.14757239188859
[55.8603],41.14757239188859
[55.0786],41.14757239188859
[55.0785],41.14757239188859
[40.5082],41.14757239188859
[40.508],41.14757239188859
[40.0797],41.14757239188859
[14.2391],41.14757239188859
[14.2391],41.14757239188859
[12.3452],41.14757239188859
[12.3451],41.14757239188859
[7.135],41.14757239188859
[7.1348],41.14757239188859
[6.2321],41.14757239188859
[23.1631],41.14757239188859
[23.1631],41.14757239188859
[22.1852],41.14757239188859
[22.1235],41.14757239188859
[20.1886],41.14757239188859
[20.1883],41.14757239188859
[17.1995],41.14757239188859
[2.2737],41.14757239188859
[2.2737],41.14757239188859
[2.1194],41.14757239188859
[1.2465],41.14757239188859
[0.0002],41.14757239188859
[2.2634],41.14757239188859
[2.2634],41.14757239188859
[2.1206],41.14757239188859
[1.2421],41.14757239188859
[0.0002],41.14757239188859
[7.9393],41.14757239188859
[7.9393],41.14757239188859
[7.9171],41.14757239188859
[2.2509],41.14757239188859
[2.2509],41.14757239188859
[2.1207],41.14757239188859
[1.2365],41.14757239188859
[0.0002],41.14757239188859
[2.2364],41.14757239188859
[2.2364],41.14757239188859
[2.1494],41.14757239188859
[1.2334],41.14757239188859
[0.0002],41.14757239188859
[2.2201],41.14757239188859
[2.2201],41.14757239188859
[1.2796],41.14757239188859
[1.2223],41.14757239188859
[0.0002],41.14757239188859
[10.149],41.14757239188859
[10.149],41.14757239188859
[10.0675],41.14757239188859
[10.0093],41.14757239188859
[0.0539],41.14757239188859
[0.0538],41.14757239188859
[0.0005],41.14757239188859
[2.9083],41.14757239188859
[2.9083],41.14757239188859
[2.79],41.14757239188859
[1.9634],41.14757239188859
[0.0093],41.14757239188859
[0.0057],41.14757239188859
[0.0035],41.14757239188859
[30.7886],41.14757239188859
[30.7886],41.14757239188859
[30.783],41.14757239188859
[26.0199],41.14757239188859
[0.0011],41.14757239188859
[6.9726],41.14757239188859
[6.9726],41.14757239188859
[6.9671],41.14757239188859
[23.7012],41.14757239188859
[23.7012],41.14757239188859
[23.6916],41.14757239188859
[22.9867],41.14757239188859
[20.8339],41.14757239188859
[20.8336],41.14757239188859
[18.0617],41.14757239188859
[0.7758],41.14757239188859
[0.7114],41.14757239188859
[28.0231],41.14757239188859
[28.0231],41.14757239188859
[27.1092],41.14757239188859
[0.0002],41.14757239188859
[29.6879],41.14757239188859
[29.6879],41.14757239188859
[29.6871],41.14757239188859
[26.0176],41.14757239188859
[7.7696],41.14757239188859
[7.7693],41.14757239188859
[7.7356],41.14757239188859
[4.4389],41.14757239188859
[2.7734],41.14757239188859
[0.9837],41.14757239188859
[0.0034],41.14757239188859
[63.7961],41.14757239188859
[63.7961],41.14757239188859
[63.3077],41.14757239188859
[23.9834],41.14757239188859
[23.9833],41.14757239188859
[63.7921],41.14757239188859
[63.7921],41.14757239188859
[63.3063],41.14757239188859
[0.0004],41.14757239188859
[0.0003],41.14757239188859
[39.1183],41.14757239188859
[39.1183],41.14757239188859
[36.2069],41.14757239188859
[34.0608],41.14757239188859
[34.0607],41.14757239188859
[24.9755],41.14757239188859
[24.9754],41.14757239188859
[0.0007],41.14757239188859
[63.0622],41.14757239188859
[63.0622],41.14757239188859
[60.2251],41.14757239188859
[58.0754],41.14757239188859
[58.0753],41.14757239188859
[55.0995],41.14757239188859
[79.91],41.14757239188859
[79.91],41.14757239188859
[79.793],41.14757239188859
[14.9172],41.14757239188859
[14.9172],41.14757239188859
[14.908],41.14757239188859
[14.7759],41.14757239188859
[0.0484],41.14757239188859
[3.9056],41.14757239188859
[3.9056],41.14757239188859
[3.9002],41.14757239188859
[3.7727],41.14757239188859
[0.0257],41.14757239188859
[11.9236],41.14757239188859
[11.9236],41.14757239188859
[9.2729],41.14757239188859
[6.992],41.14757239188859
[6.9918],41.14757239188859
[6.2331],41.14757239188859
[34.6169],41.14757239188859
[34.6169],41.14757239188859
[30.9785],41.14757239188859
[29.0761],41.14757239188859
[0.0028],41.14757239188859
[34.6137],41.14757239188859
[34.6137],41.14757239188859
[30.9794],41.14757239188859
[29.078],41.14757239188859
[0.0036],41.14757239188859
[3.8275],41.14757239188859
[3.8275],41.14757239188859
[1.9932],41.14757239188859
[1.9663],41.14757239188859
[0.0002],41.14757239188859
[28.1051],41.14757239188859
[28.1051],41.14757239188859
[26.2199],41.14757239188859
[0.0022],41.14757239188859
[11.003],41.14757239188859
[11.003],41.14757239188859
[10.9959],41.14757239188859
[4.0017],41.14757239188859
[0.0002],41.14757239188859
[16.9602],41.14757239188859
[16.9602],41.14757239188859
[15.2582],41.14757239188859
[13.1752],41.14757239188859
[13.1749],41.14757239188859
[0.0032],41.14757239188859
[2.981],41.14757239188859
[2.981],41.14757239188859
[0.0204],41.14757239188859
[20.7688],41.14757239188859
[20.7688],41.14757239188859
[20.7645],41.14757239188859
[20.7397],41.14757239188859
[18.1247],41.14757239188859
[0.0005],41.14757239188859
[34.7085],41.14757239188859
[34.7085],41.14757239188859
[3.0805],41.14757239188859
[2.9935],41.14757239188859
[0.0005],41.14757239188859
[0.0003],41.14757239188859
[0.0001],41.14757239188859
[30.9855],41.14757239188859
[30.9855],41.14757239188859
[30.9623],41.14757239188859
[28.6409],41.14757239188859
[1.7505],41.14757239188859
[1.7399],41.14757239188859
[1.0092],41.14757239188859
[7.0162],41.14757239188859
[7.0162],41.14757239188859
[7.0133],41.14757239188859
[2.7863],41.14757239188859
[0.0002],41.14757239188859
[24.8503],41.14757239188859
[24.8503],41.14757239188859
[24.8404],41.14757239188859
[22.997],41.14757239188859
[22.6975],41.14757239188859
[22.6972],41.14757239188859
[16.7174],41.14757239188859
[2.7513],41.14757239188859
[0.7585],41.14757239188859
[0.697],41.14757239188859
[50.0176],41.14757239188859
[50.0176],41.14757239188859
[49.9536],41.14757239188859
[49.8474],41.14757239188859
[29.7613],41.14757239188859
[29.7611],41.14757239188859
[26.0447],41.14757239188859
[60.9893],41.14757239188859
[60.9893],41.14757239188859
[60.1511],41.14757239188859
[12.7575],41.14757239188859
[12.7574],41.14757239188859
[12.7553],41.14757239188859
[12.755],41.14757239188859
[4.8239],41.14757239188859
[30.1894],41.14757239188859
[30.1894],41.14757239188859
[30.1872],41.14757239188859
[29.3896],41.14757239188859
[7.0008],41.14757239188859
[7.0006],41.14757239188859
[6.9944],41.14757239188859
[6.9943],41.14757239188859
[3.1858],41.14757239188859
[3.1857],41.14757239188859
[0.0003],41.14757239188859
[46.9333],41.14757239188859
[46.9333],41.14757239188859
[42.0381],41.14757239188859
[42.0378],41.14757239188859
[41.8088],41.14757239188859
[41.0575],41.14757239188859
[40.8501],41.14757239188859
[40.8497],41.14757239188859
[18.7236],41.14757239188859
[23.066],41.14757239188859
[23.066],41.14757239188859
[18.1803],41.14757239188859
[18.1801],41.14757239188859
[18.0038],41.14757239188859
[17.951],41.14757239188859
[16.9956],41.14757239188859
[16.9955],41.14757239188859
[1.0421],41.14757239188859
[48.8431],41.14757239188859
[48.8431],41.14757239188859
[48.8422],41.14757239188859
[48.1486],41.14757239188859
[25.8202],41.14757239188859
[25.82],41.14757239188859
[0.0014],41.14757239188859
[1.69],41.14757239188859
[1.69],41.14757239188859
[0.9861],41.14757239188859
[0.0252],41.14757239188859
[0.0017],41.14757239188859
[63.8411],41.14757239188859
[63.8411],41.14757239188859
[59.1964],41.14757239188859
[59.1962],41.14757239188859
[48.2547],41.14757239188859
[48.2545],41.14757239188859
[35.1319],41.14757239188859
[21.1158],41.14757239188859
[16.2598],41.14757239188859
[48.6495],41.14757239188859
[48.6495],41.14757239188859
[48.1752],41.14757239188859
[42.866],41.14757239188859
[42.8658],41.14757239188859
[42.5435],41.14757239188859
[42.5433],41.14757239188859
[42.0718],41.14757239188859
[34.9487],41.14757239188859
[34.7072],41.14757239188859
[38.8707],41.14757239188859
[38.8707],41.14757239188859
[38.8681],41.14757239188859
[38.8269],41.14757239188859
[2.6949],41.14757239188859
[2.6948],41.14757239188859
[0.0002],41.14757239188859
[1.0927],41.14757239188859
[1.0927],41.14757239188859
[0.1471],41.14757239188859
[3.5732],41.14757239188859
[3.5732],41.14757239188859
[2.9277],41.14757239188859
[60.3452],41.14757239188859
[60.3452],41.14757239188859
[58.0054],41.14757239188859
[24.7193],41.14757239188859
[24.7192],41.14757239188859
[0.0011],41.14757239188859
[47.0233],41.14757239188859
[47.0233],41.14757239188859
[45.0254],41.14757239188859
[21.0858],41.14757239188859
[21.0857],41.14757239188859
[0.0007],41.14757239188859
[30.743],41.14757239188859
[30.743],41.14757239188859
[30.7185],41.14757239188859
[27.9787],41.14757239188859
[6.9921],41.14757239188859
[3.9955],41.14757239188859
[1.9682],41.14757239188859
[60.9736],41.14757239188859
[60.9736],41.14757239188859
[59.1674],41.14757239188859
[59.1627],41.14757239188859
[36.275],41.14757239188859
[36.2749],41.14757239188859
[22.2107],41.14757239188859
[35.019],41.14757239188859
[35.019],41.14757239188859
[32.3077],41.14757239188859
[31.0266],41.14757239188859
[6.3295],41.14757239188859
[4.166],41.14757239188859
[4.166],41.14757239188859
[4.1628],41.14757239188859
[3.1913],41.14757239188859
[0.0002],41.14757239188859
[34.6243],41.14757239188859
[34.6243],41.14757239188859
[34.6214],41.14757239188859
[34.1346],41.14757239188859
[11.0108],41.14757239188859
[29.0342],41.14757239188859
[29.0342],41.14757239188859
[28.904],41.14757239188859
[26.715],41.14757239188859
[0.0004],41.14757239188859
[0.2395],41.14757239188859
[0.2395],41.14757239188859
[3.278],41.14757239188859
[3.278],41.14757239188859
[2.4434],41.14757239188859
[0.0142],41.14757239188859
[0.014],41.14757239188859
[0.0003],41.14757239188859
[86.1898],41.14757239188859
[86.1898],41.14757239188859
[86.186],41.14757239188859
[85.1307],41.14757239188859
[29.9457],41.14757239188859
[27.1881],41.14757239188859
[0.0002],41.14757239188859
[16.0208],41.14757239188859
[16.0208],41.14757239188859
[15.8868],41.14757239188859
[9.825],41.14757239188859
[9.825],41.14757239188859
[9.2015],41.14757239188859
[6.8905],41.14757239188859
[40.8035],41.14757239188859
[40.8035],41.14757239188859
[40.2392],41.14757239188859
[38.8184],41.14757239188859
[38.8183],41.14757239188859
[37.5202],41.14757239188859
[37.5201],41.14757239188859
[34.9298],41.14757239188859
[0.7182],41.14757239188859
[0.7182],41.14757239188859
[0.1884],41.14757239188859
[0.0394],41.14757239188859
[0.0392],41.14757239188859
[0.0003],41.14757239188859
[49.7067],41.14757239188859
[49.7067],41.14757239188859
[49.5843],41.14757239188859
[48.7485],41.14757239188859
[0.0022],41.14757239188859
[14.9918],41.14757239188859
[14.9918],41.14757239188859
[14.988],41.14757239188859
[50.0347],41.14757239188859
[50.0347],41.14757239188859
[48.3476],41.14757239188859
[48.3475],41.14757239188859
[48.2601],41.14757239188859
[48.2593],41.14757239188859
[48.1772],41.14757239188859
[48.1771],41.14757239188859
[0.0002],41.14757239188859
[0.8808],41.14757239188859
[0.8808],41.14757239188859
[0.8558],41.14757239188859
[0.8041],41.14757239188859
[0.1588],41.14757239188859
[0.1587],41.14757239188859
[0.0005],41.14757239188859
[82.7687],41.14757239188859
[82.7687],41.14757239188859
[82.1154],41.14757239188859
[82.1152],41.14757239188859
[25.0581],41.14757239188859
[25.0579],41.14757239188859
[0.0003],41.14757239188859
[82.7],41.14757239188859
[82.7],41.14757239188859
[82.698],41.14757239188859
[82.0568],41.14757239188859
[24.9915],41.14757239188859
[24.9913],41.14757239188859
[0.0006],41.14757239188859
[41.9978],41.14757239188859
[41.9978],41.14757239188859
[35.779],41.14757239188859
[34.029],41.14757239188859
[0.0048],41.14757239188859
[0.0002],41.14757239188859
[49.9555],41.14757239188859
[49.9555],41.14757239188859
[49.2135],41.14757239188859
[14.807],41.14757239188859
[14.8059],41.14757239188859
[14.8057],41.14757239188859
[13.8229],41.14757239188859
[13.8228],41.14757239188859
[0.0002],41.14757239188859
[38.9292],41.14757239188859
[38.9292],41.14757239188859
[38.2633],41.14757239188859
[32.991],41.14757239188859
[32.9909],41.14757239188859
[32.9059],41.14757239188859
[5.7269],41.14757239188859
[5.7269],41.14757239188859
[4.9235],41.14757239188859
[0.9954],41.14757239188859
[0.6869],41.14757239188859
[81.9915],41.14757239188859
[81.9915],41.14757239188859
[81.9739],41.14757239188859
[77.17],41.14757239188859
[25.2308],41.14757239188859
[25.2306],41.14757239188859
[0.0004],41.14757239188859
[11.9616],41.14757239188859
[11.9616],41.14757239188859
[8.9434],41.14757239188859
[4.8324],41.14757239188859
[4.8324],41.14757239188859
[4.7046],41.14757239188859
[1.0135],41.14757239188859
[0.6862],41.14757239188859
[66.9324],41.14757239188859
[66.9324],41.14757239188859
[63.1097],41.14757239188859
[63.1095],41.14757239188859
[11.1099],41.14757239188859
[11.1097],41.14757239188859
[5.9231],41.14757239188859
[5.9228],41.14757239188859
[0.0003],41.14757239188859
[47.9581],41.14757239188859
[47.9581],41.14757239188859
[47.9548],41.14757239188859
[44.5381],41.14757239188859
[44.1682],41.14757239188859
[44.1681],41.14757239188859
[43.1124],41.14757239188859
[43.1122],41.14757239188859
[30.8913],41.14757239188859
[47.9594],41.14757239188859
[47.9594],41.14757239188859
[47.9556],41.14757239188859
[44.5472],41.14757239188859
[44.1792],41.14757239188859
[44.1791],41.14757239188859
[43.8849],41.14757239188859
[43.8847],41.14757239188859
[43.8472],41.14757239188859
[25.9568],41.14757239188859
[25.9568],41.14757239188859
[25.2235],41.14757239188859
[25.2229],41.14757239188859
[23.2361],41.14757239188859
[15.9825],41.14757239188859
[0.0003],41.14757239188859
[52.5206],41.14757239188859
[52.5206],41.14757239188859
[4.8446],41.14757239188859
[17.706],41.14757239188859
[17.706],41.14757239188859
[17.3174],41.14757239188859
[17.3173],41.14757239188859
[2.9638],41.14757239188859
[36.7728],41.14757239188859
[36.7728],41.14757239188859
[36.7713],41.14757239188859
[36.3901],41.14757239188859
[36.0815],41.14757239188859
[36.0814],41.14757239188859
[0.0008],41.14757239188859
[56.7478],41.14757239188859
[56.7478],41.14757239188859
[56.7393],41.14757239188859
[56.378],41.14757239188859
[56.0755],41.14757239188859
[56.0754],41.14757239188859
[0.0022],41.14757239188859
[10.9933],41.14757239188859
[10.9933],41.14757239188859
[10.2127],41.14757239188859
[10.2125],41.14757239188859
[0.0301],41.14757239188859
[15.041],41.14757239188859
[15.041],41.14757239188859
[15.0299],41.14757239188859
[9.1505],41.14757239188859
[7.011],41.14757239188859
[7.0105],41.14757239188859
[0.0002],41.14757239188859
[7.6158],41.14757239188859
[7.6158],41.14757239188859
[6.0467],41.14757239188859
[35.9594],41.14757239188859
[35.9594],41.14757239188859
[35.9519],41.14757239188859
[35.9517],41.14757239188859
[29.8159],41.14757239188859
[29.8157],41.14757239188859
[12.978],41.14757239188859
[0.0003],41.14757239188859
[0.0001],41.14757239188859
[14.166],41.14757239188859
[14.166],41.14757239188859
[14.0423],41.14757239188859
[0.0535],41.14757239188859
[0.053],41.14757239188859
[41.6994],41.14757239188859
[41.6994],41.14757239188859
[41.6954],41.14757239188859
[41.6903],41.14757239188859
[40.9104],41.14757239188859
[40.9017],41.14757239188859
[40.7973],41.14757239188859
[27.9136],41.14757239188859
[27.9135],41.14757239188859
[27.9107],41.14757239188859
[20.8218],41.14757239188859
[19.7428],41.14757239188859
[0.0004],41.14757239188859
[68.2371],41.14757239188859
[68.2371],41.14757239188859
[68.231],41.14757239188859
[67.2714],41.14757239188859
[67.1714],41.14757239188859
[67.1705],41.14757239188859
[64.1285],41.14757239188859
[27.9267],41.14757239188859
[27.9267],41.14757239188859
[1.9817],41.14757239188859
[1.9814],41.14757239188859
[0.97],41.14757239188859
[0.0624],41.14757239188859
[0.0624],41.14757239188859
[0.0217],41.14757239188859
[60.6968],41.14757239188859
[60.6968],41.14757239188859
[53.9396],41.14757239188859
[49.9552],41.14757239188859
[10.9169],41.14757239188859
[10.9167],41.14757239188859
[0.8426],41.14757239188859
[0.8423],41.14757239188859
[0.0005],41.14757239188859
[28.7095],41.14757239188859
[28.7095],41.14757239188859
[25.9087],41.14757239188859
[24.5422],41.14757239188859
[24.5421],41.14757239188859
[0.0002],41.14757239188859
[68.9622],41.14757239188859
[68.9622],41.14757239188859
[68.202],41.14757239188859
[5.0017],41.14757239188859
[0.0025],41.14757239188859
[74.7681],41.14757239188859
[74.7681],41.14757239188859
[74.0238],41.14757239188859
[67.9689],41.14757239188859
[10.8267],41.14757239188859
[8.0353],41.14757239188859
[5.0352],41.14757239188859
[4.9658],41.14757239188859
[0.0002],41.14757239188859
[3.9058],41.14757239188859
[3.9058],41.14757239188859
[3.1488],41.14757239188859
[3.1327],41.14757239188859
[2.9924],41.14757239188859
[0.2598],41.14757239188859
[0.1447],41.14757239188859
[32.9393],41.14757239188859
[32.9393],41.14757239188859
[32.9353],41.14757239188859
[32.3327],41.14757239188859
[0.0008],41.14757239188859
[0.0005],41.14757239188859
[0.0003],41.14757239188859
[11.971],41.14757239188859
[11.971],41.14757239188859
[11.8018],41.14757239188859
[9.0763],41.14757239188859
[2.0248],41.14757239188859
[1.1134],41.14757239188859
[0.0004],41.14757239188859
[18.9246],41.14757239188859
[18.9246],41.14757239188859
[17.1309],41.14757239188859
[15.1498],41.14757239188859
[15.1495],41.14757239188859
[0.0007],41.14757239188859
[10.6906],41.14757239188859
[10.6906],41.14757239188859
[6.5166],41.14757239188859
[6.5113],41.14757239188859
[0.0003],41.14757239188859
[10.6837],41.14757239188859
[10.6837],41.14757239188859
[6.4769],41.14757239188859
[0.0002],41.14757239188859
[32.7146],41.14757239188859
[32.7146],41.14757239188859
[31.0342],41.14757239188859
[30.0382],41.14757239188859
[30.038],41.14757239188859
[27.5133],41.14757239188859
[10.672],41.14757239188859
[10.672],41.14757239188859
[6.9336],41.14757239188859
[0.0002],41.14757239188859
[25.7313],41.14757239188859
[25.7313],41.14757239188859
[23.9869],41.14757239188859
[23.0675],41.14757239188859
[23.0674],41.14757239188859
[20.5344],41.14757239188859
[13.9776],41.14757239188859
[13.9776],41.14757239188859
[9.8064],41.14757239188859
[9.7909],41.14757239188859
[0.0002],41.14757239188859
[13.9587],41.14757239188859
[13.9587],41.14757239188859
[9.8092],41.14757239188859
[9.8072],41.14757239188859
[0.0004],41.14757239188859
[8.0164],41.14757239188859
[8.0164],41.14757239188859
[7.0009],41.14757239188859
[6.9992],41.14757239188859
[4.8711],41.14757239188859
[22.2106],41.14757239188859
[22.2106],41.14757239188859
[20.1501],41.14757239188859
[20.1499],41.14757239188859
[5.1256],41.14757239188859
[5.1238],41.14757239188859
[4.9975],41.14757239188859
[4.997],41.14757239188859
[4.2262],41.14757239188859
[15.1458],41.14757239188859
[15.1458],41.14757239188859
[15.1202],41.14757239188859
[15.1201],41.14757239188859
[15.1149],41.14757239188859
[15.1147],41.14757239188859
[15.0719],41.14757239188859
[35.9846],41.14757239188859
[35.9846],41.14757239188859
[35.8052],41.14757239188859
[35.7954],41.14757239188859
[34.0111],41.14757239188859
[33.9998],41.14757239188859
[8.3809],41.14757239188859
[6.2031],41.14757239188859
[6.2027],41.14757239188859
[0.0009],41.14757239188859
[0.7502],41.14757239188859
[0.7502],41.14757239188859
[0.1463],41.14757239188859
[0.0002],41.14757239188859
[0.8894],41.14757239188859
[0.8894],41.14757239188859
[0.8608],41.14757239188859
[21.0828],41.14757239188859
[21.0828],41.14757239188859
[21.0793],41.14757239188859
[20.2854],41.14757239188859
[13.3043],41.14757239188859
[13.3028],41.14757239188859
[9.2469],41.14757239188859
[7.9382],41.14757239188859
[7.9382],41.14757239188859
[7.6791],41.14757239188859
[0.0006],41.14757239188859
[63.7554],41.14757239188859
[63.7554],41.14757239188859
[63.6639],41.14757239188859
[57.3261],41.14757239188859
[57.326],41.14757239188859
[57.2303],41.14757239188859
[20.5011],41.14757239188859
[20.5011],41.14757239188859
[20.4177],41.14757239188859
[14.0832],41.14757239188859
[14.0831],41.14757239188859
[13.9841],41.14757239188859
[49.0522],41.14757239188859
[49.0522],41.14757239188859
[48.8163],41.14757239188859
[45.1017],41.14757239188859
[6.0342],41.14757239188859
[6.034],41.14757239188859
[6.0338],41.14757239188859
[6.0336],41.14757239188859
[0.0005],41.14757239188859
[35.9271],41.14757239188859
[35.9271],41.14757239188859
[35.1882],41.14757239188859
[31.4249],41.14757239188859
[31.4248],41.14757239188859
[0.0001],41.14757239188859
[8.1272],41.14757239188859
[8.1272],41.14757239188859
[7.3897],41.14757239188859
[2.2863],41.14757239188859
[2.286],41.14757239188859
[2.2721],41.14757239188859
[2.2685],41.14757239188859
[2.2684],41.14757239188859
[2.2682],41.14757239188859
[1.991],41.14757239188859
[1.0521],41.14757239188859
[1.0521],41.14757239188859
[0.3155],41.14757239188859
[0.0045],41.14757239188859
[63.0735],41.14757239188859
[63.0735],41.14757239188859
[62.4577],41.14757239188859
[62.3429],41.14757239188859
[62.3426],41.14757239188859
[0.0007],41.14757239188859
[25.5491],41.14757239188859
[25.5491],41.14757239188859
[25.5472],41.14757239188859
[25.0462],41.14757239188859
[20.9922],41.14757239188859
[20.992],41.14757239188859
[20.6663],41.14757239188859
[18.8259],41.14757239188859
[18.8257],41.14757239188859
[18.7488],41.14757239188859
[3.675],41.14757239188859
[3.6748],41.14757239188859
[3.6426],41.14757239188859
[10.2316],41.14757239188859
[10.2316],41.14757239188859
[10.1973],41.14757239188859
[12.0048],41.14757239188859
[12.0048],41.14757239188859
[10.2353],41.14757239188859
[7.0973],41.14757239188859
[7.0972],41.14757239188859
[0.0003],41.14757239188859
[10.0295],41.14757239188859
[10.0295],41.14757239188859
[10.0272],41.14757239188859
[7.2647],41.14757239188859
[5.2863],41.14757239188859
[5.2861],41.14757239188859
[5.2859],41.14757239188859
[4.873],41.14757239188859
[0.0014],41.14757239188859
[0.0001],41.14757239188859
[13.9518],41.14757239188859
[13.9518],41.14757239188859
[11.2229],41.14757239188859
[10.1954],41.14757239188859
[10.1953],41.14757239188859
[0.0033],41.14757239188859
[13.7196],41.14757239188859
[13.7196],41.14757239188859
[7.6961],41.14757239188859
[0.0042],41.14757239188859
[0.0008],41.14757239188859
[44.6671],41.14757239188859
[44.6671],41.14757239188859
[42.9479],41.14757239188859
[42.9468],41.14757239188859
[3.8762],41.14757239188859
[3.876],41.14757239188859
[3.6782],41.14757239188859
[3.6779],41.14757239188859
[1.4367],41.14757239188859
[44.8314],41.14757239188859
[44.8314],41.14757239188859
[44.2863],41.14757239188859
[0.0005],41.14757239188859
[2.1549],41.14757239188859
[2.1549],41.14757239188859
[1.1049],41.14757239188859
[0.0023],41.14757239188859
[3.9764],41.14757239188859
[3.9764],41.14757239188859
[3.0071],41.14757239188859
[2.9431],41.14757239188859
[0.0027],41.14757239188859
[0.1274],41.14757239188859
[0.1274],41.14757239188859
[0.1254],41.14757239188859
[0.0239],41.14757239188859
[0.0001],41.14757239188859
[45.0515],41.14757239188859
[45.0515],41.14757239188859
[45.049],41.14757239188859
[45.0317],41.14757239188859
[29.3004],41.14757239188859
[28.0532],41.14757239188859
[23.0276],41.14757239188859
[20.2761],41.14757239188859
[3.7076],41.14757239188859
[3.7076],41.14757239188859
[2.0304],41.14757239188859
[63.8942],41.14757239188859
[63.8942],41.14757239188859
[63.8835],41.14757239188859
[63.8583],41.14757239188859
[25.8671],41.14757239188859
[25.8669],41.14757239188859
[19.7368],41.14757239188859
[19.7366],41.14757239188859
[19.6107],41.14757239188859
[12.7617],41.14757239188859
[12.6953],41.14757239188859
[0.9938],41.14757239188859
[0.9525],41.14757239188859
[0.7116],41.14757239188859
[0.7116],41.14757239188859
[0.0181],41.14757239188859
[0.0009],41.14757239188859
[0.6924],41.14757239188859
[0.6924],41.14757239188859
[0.0149],41.14757239188859
[0.0002],41.14757239188859
[15.7609],41.14757239188859
[15.7609],41.14757239188859
[15.0867],41.14757239188859
[15.0178],41.14757239188859
[7.8666],41.14757239188859
[7.7852],41.14757239188859
[7.1108],41.14757239188859
[7.1089],41.14757239188859
[5.8026],41.14757239188859
[13.7197],41.14757239188859
[13.7197],41.14757239188859
[13.2261],41.14757239188859
[13.1764],41.14757239188859
[0.0021],41.14757239188859
[13.0157],41.14757239188859
[13.0157],41.14757239188859
[12.9564],41.14757239188859
[0.2591],41.14757239188859
[0.2591],41.14757239188859
[0.2575],41.14757239188859
[0.2573],41.14757239188859
[0.0918],41.14757239188859
[0.0899],41.14757239188859
[0.0811],41.14757239188859
[1.8033],41.14757239188859
[1.8033],41.14757239188859
[1.7976],41.14757239188859
[1.8893],41.14757239188859
[1.8893],41.14757239188859
[1.8813],41.14757239188859
[0.8188],41.14757239188859
[0.001],41.14757239188859
[22.7919],41.14757239188859
[22.7919],41.14757239188859
[22.0785],41.14757239188859
[8.955],41.14757239188859
[8.9548],41.14757239188859
[8.7508],41.14757239188859
[57.1813],41.14757239188859
[57.1813],41.14757239188859
[56.4942],41.14757239188859
[55.1835],41.14757239188859
[55.1833],41.14757239188859
[52.2405],41.14757239188859
[47.8882],41.14757239188859
[45.1248],41.14757239188859
[42.2018],41.14757239188859
[37.9635],41.14757239188859
[62.0093],41.14757239188859
[62.0093],41.14757239188859
[62.0047],41.14757239188859
[62.0039],41.14757239188859
[62.0027],41.14757239188859
[14.033],41.14757239188859
[14.0328],41.14757239188859
[0.0003],41.14757239188859
[31.813],41.14757239188859
[31.813],41.14757239188859
[31.8088],41.14757239188859
[30.998],41.14757239188859
[0.027],41.14757239188859
[35.9887],41.14757239188859
[35.9887],41.14757239188859
[35.9855],41.14757239188859
[35.1751],41.14757239188859
[0.1204],41.14757239188859
[0.1202],41.14757239188859
[0.0005],41.14757239188859
[0.8328],41.14757239188859
[0.8328],41.14757239188859
[0.8296],41.14757239188859
[0.8178],41.14757239188859
[0.0014],41.14757239188859
[0.0012],41.14757239188859
[0.0008],41.14757239188859
[0.8267],41.14757239188859
[0.8267],41.14757239188859
[0.8255],41.14757239188859
[0.8145],41.14757239188859
[0.0007],41.14757239188859
[0.0005],41.14757239188859
[0.0002],41.14757239188859
[0.7808],41.14757239188859
[0.7808],41.14757239188859
[0.7742],41.14757239188859
[0.0025],41.14757239188859
[0.0017],41.14757239188859
[18.6468],41.14757239188859
[18.6468],41.14757239188859
[18.0763],41.14757239188859
[18.0265],41.14757239188859
[18.0264],41.14757239188859
[10.7278],41.14757239188859
[10.7272],41.14757239188859
[7.9261],41.14757239188859
[7.9258],41.14757239188859
[0.0006],41.14757239188859
[0.0613],41.14757239188859
[0.0613],41.14757239188859
[0.0594],41.14757239188859
[0.0199],41.14757239188859
[0.0197],41.14757239188859
[0.0002],41.14757239188859
[26.2594],41.14757239188859
[26.2594],41.14757239188859
[26.2586],41.14757239188859
[26.1032],41.14757239188859
[20.3036],41.14757239188859
[20.2991],41.14757239188859
[16.2909],41.14757239188859
[9.1756],41.14757239188859
[9.1752],41.14757239188859
[0.0006],41.14757239188859
[12.1568],41.14757239188859
[12.1568],41.14757239188859
[12.1202],41.14757239188859
[8.9898],41.14757239188859
[7.2291],41.14757239188859
[7.2289],41.14757239188859
[5.1878],41.14757239188859
[5.1861],41.14757239188859
[4.9853],41.14757239188859
[4.985],41.14757239188859
[4.978],41.14757239188859
[58.8554],41.14757239188859
[58.8554],41.14757239188859
[55.9525],41.14757239188859
[53.9794],41.14757239188859
[53.9793],41.14757239188859
[45.9167],41.14757239188859
[27.7296],41.14757239188859
[25.7052],41.14757239188859
[0.0008],41.14757239188859
[2.8771],41.14757239188859
[2.8771],41.14757239188859
[2.7959],41.14757239188859
[2.7955],41.14757239188859
[0.0028],41.14757239188859
[0.0025],41.14757239188859
[0.0002],41.14757239188859
[18.0257],41.14757239188859
[18.0257],41.14757239188859
[18.0231],41.14757239188859
[17.9397],41.14757239188859
[17.9367],41.14757239188859
[0.0004],41.14757239188859
[18.0245],41.14757239188859
[18.0245],41.14757239188859
[18.0205],41.14757239188859
[17.9413],41.14757239188859
[17.9383],41.14757239188859
[0.0004],41.14757239188859
[16.8713],41.14757239188859
[16.8713],41.14757239188859
[16.8704],41.14757239188859
[16.7906],41.14757239188859
[16.7884],41.14757239188859
[0.0003],41.14757239188859
[16.8596],41.14757239188859
[16.8596],41.14757239188859
[16.8569],41.14757239188859
[16.7848],41.14757239188859
[16.7826],41.14757239188859
[0.0004],41.14757239188859
[16.8483],41.14757239188859
[16.8483],41.14757239188859
[16.8442],41.14757239188859
[16.7794],41.14757239188859
[16.7772],41.14757239188859
[0.0004],41.14757239188859
[5.0027],41.14757239188859
[5.0027],41.14757239188859
[4.9994],41.14757239188859
[2.2543],41.14757239188859
[0.3134],41.14757239188859
[0.0874],41.14757239188859
[0.0846],41.14757239188859
[4.9843],41.14757239188859
[4.9843],41.14757239188859
[4.9811],41.14757239188859
[2.2546],41.14757239188859
[0.3229],41.14757239188859
[0.0797],41.14757239188859
[0.0714],41.14757239188859
[2.5748],41.14757239188859
[2.5748],41.14757239188859
[0.1296],41.14757239188859
[0.1295],41.14757239188859
[0.0057],41.14757239188859
[0.0055],41.14757239188859
[0.0002],41.14757239188859
[1.7159],41.14757239188859
[1.7159],41.14757239188859
[0.0292],41.14757239188859
[0.0002],41.14757239188859
[3.002],41.14757239188859
[3.002],41.14757239188859
[2.8847],41.14757239188859
[0.9314],41.14757239188859
[0.4645],41.14757239188859
[14.1059],41.14757239188859
[14.1059],41.14757239188859
[13.9948],41.14757239188859
[37.0505],41.14757239188859
[37.0505],41.14757239188859
[37.0328],41.14757239188859
[37.0327],41.14757239188859
[33.9399],41.14757239188859
[33.9398],41.14757239188859
[33.1729],41.14757239188859
[33.1728],41.14757239188859
[0.0002],41.14757239188859
[42.8089],41.14757239188859
[42.8089],41.14757239188859
[42.8057],41.14757239188859
[41.2296],41.14757239188859
[0.0011],41.14757239188859
[0.8188],41.14757239188859
[0.8188],41.14757239188859
[0.7757],41.14757239188859
[0.7756],41.14757239188859
[0.0002],41.14757239188859
[48.9093],41.14757239188859
[48.9093],41.14757239188859
[48.0075],41.14757239188859
[35.867],41.14757239188859
[35.8669],41.14757239188859
[23.7147],41.14757239188859
[23.7146],41.14757239188859
[0.0001],41.14757239188859
[14.0359],41.14757239188859
[14.0359],41.14757239188859
[14.0339],41.14757239188859
[4.0391],41.14757239188859
[4.0391],41.14757239188859
[3.3403],41.14757239188859
[0.0011],41.14757239188859
[4.0101],41.14757239188859
[4.0101],41.14757239188859
[3.3163],41.14757239188859
[0.0019],41.14757239188859
[10.0981],41.14757239188859
[10.0981],41.14757239188859
[10.0956],41.14757239188859
[10.0504],41.14757239188859
[6.8411],41.14757239188859
[5.827],41.14757239188859
[5.2163],41.14757239188859
[5.2159],41.14757239188859
[4.8299],41.14757239188859
[23.7356],41.14757239188859
[23.7356],41.14757239188859
[22.0457],41.14757239188859
[19.0117],41.14757239188859
[0.0001],41.14757239188859
[23.7287],41.14757239188859
[23.7287],41.14757239188859
[22.0456],41.14757239188859
[19.0118],41.14757239188859
[0.0001],41.14757239188859
[23.7189],41.14757239188859
[23.7189],41.14757239188859
[22.0394],41.14757239188859
[20.8584],41.14757239188859
[0.0001],41.14757239188859
[1.3723],41.14757239188859
[1.3723],41.14757239188859
[1.37],41.14757239188859
[0.5832],41.14757239188859
[0.0014],41.14757239188859
[2.472],41.14757239188859
[2.472],41.14757239188859
[2.0355],41.14757239188859
[1.9532],41.14757239188859
[1.9295],41.14757239188859
[7.2666],41.14757239188859
[7.2666],41.14757239188859
[6.3347],41.14757239188859
[0.0031],41.14757239188859
[2.0265],41.14757239188859
[2.0265],41.14757239188859
[2.0216],41.14757239188859
[1.9686],41.14757239188859
[1.936],41.14757239188859
[16.8064],41.14757239188859
[16.8064],41.14757239188859
[16.8044],41.14757239188859
[16.0939],41.14757239188859
[16.0326],41.14757239188859
[16.0324],41.14757239188859
[15.1008],41.14757239188859
[15.1007],41.14757239188859
[0.0001],41.14757239188859
[43.608],41.14757239188859
[43.608],41.14757239188859
[43.0159],41.14757239188859
[42.9777],41.14757239188859
[42.9776],41.14757239188859
[42.9531],41.14757239188859
[42.953],41.14757239188859
[42.9361],41.14757239188859
[35.2255],41.14757239188859
[35.2255],41.14757239188859
[34.1122],41.14757239188859
[34.0539],41.14757239188859
[33.2059],41.14757239188859
[33.1489],41.14757239188859
[26.9853],41.14757239188859
[15.9253],41.14757239188859
[12.2103],41.14757239188859
[0.0001],41.14757239188859
[43.314],41.14757239188859
[43.314],41.14757239188859
[42.9248],41.14757239188859
[41.5767],41.14757239188859
[27.402],41.14757239188859
[27.4019],41.14757239188859
[0.0001],41.14757239188859
[47.6969],41.14757239188859
[47.6969],41.14757239188859
[47.4083],41.14757239188859
[46.0594],41.14757239188859
[0.0038],41.14757239188859
[0.0037],41.14757239188859
[0.0001],41.14757239188859
[18.9771],41.14757239188859
[18.9771],41.14757239188859
[14.9254],41.14757239188859
[14.7207],41.14757239188859
[12.0183],41.14757239188859
[27.1341],41.14757239188859
[27.1341],41.14757239188859
[26.31],41.14757239188859
[23.2364],41.14757239188859
[23.2363],41.14757239188859
[23.1608],41.14757239188859
[23.1607],41.14757239188859
[0.0002],41.14757239188859
[18.9151],41.14757239188859
[18.9151],41.14757239188859
[18.7262],41.14757239188859
[11.9803],41.14757239188859
[11.9666],41.14757239188859
[18.8838],41.14757239188859
[18.8838],41.14757239188859
[18.7249],41.14757239188859
[11.9808],41.14757239188859
[11.9603],41.14757239188859
[14.9471],41.14757239188859
[14.9471],41.14757239188859
[14.2908],41.14757239188859
[0.1849],41.14757239188859
[31.6993],41.14757239188859
[31.6993],41.14757239188859
[27.8173],41.14757239188859
[27.817],41.14757239188859
[9.9852],41.14757239188859
[9.985],41.14757239188859
[0.0004],41.14757239188859
[5.5297],41.14757239188859
[5.5297],41.14757239188859
[1.8845],41.14757239188859
[1.8843],41.14757239188859
[1.0018],41.14757239188859
[0.8855],41.14757239188859
[0.8571],41.14757239188859
[0.0007],41.14757239188859
[0.0003],41.14757239188859
[0.1956],41.14757239188859
[0.1956],41.14757239188859
[0.1938],41.14757239188859
[0.0383],41.14757239188859
[0.0009],41.14757239188859
[11.8402],41.14757239188859
[11.8402],41.14757239188859
[11.8339],41.14757239188859
[11.743],41.14757239188859
[5.7938],41.14757239188859
[5.7936],41.14757239188859
[4.7503],41.14757239188859
[0.0199],41.14757239188859
[0.0197],41.14757239188859
[0.005],41.14757239188859
[3.7121],41.14757239188859
[3.7121],41.14757239188859
[1.0289],41.14757239188859
[14.971],41.14757239188859
[14.971],41.14757239188859
[14.8256],41.14757239188859
[14.7122],41.14757239188859
[0.0001],41.14757239188859
[14.9581],41.14757239188859
[14.9581],41.14757239188859
[14.0343],41.14757239188859
[11.988],41.14757239188859
[0.0001],41.14757239188859
[9.8656],41.14757239188859
[9.8656],41.14757239188859
[9.7639],41.14757239188859
[9.7554],41.14757239188859
[9.7553],41.14757239188859
[0.0002],41.14757239188859
[14.7887],41.14757239188859
[14.7887],41.14757239188859
[13.7602],41.14757239188859
[11.9708],41.14757239188859
[0.0001],41.14757239188859
[14.7467],41.14757239188859
[14.7467],41.14757239188859
[12.9814],41.14757239188859
[11.9724],41.14757239188859
[0.0001],41.14757239188859
[14.7291],41.14757239188859
[14.7291],41.14757239188859
[12.9756],41.14757239188859
[0.0023],41.14757239188859
[0.0001],41.14757239188859
[8.9629],41.14757239188859
[8.9629],41.14757239188859
[8.8917],41.14757239188859
[6.8635],41.14757239188859
[6.8612],41.14757239188859
[0.6993],41.14757239188859
[0.6993],41.14757239188859
[0.1101],41.14757239188859
[0.0467],41.14757239188859
[0.0466],41.14757239188859
[0.0001],41.14757239188859
[27.0063],41.14757239188859
[27.0063],41.14757239188859
[26.2116],41.14757239188859
[0.1311],41.14757239188859
[0.131],41.14757239188859
[0.0001],41.14757239188859
[14.729],41.14757239188859
[14.729],41.14757239188859
[14.0866],41.14757239188859
[7.7191],41.14757239188859
[7.7191],41.14757239188859
[7.1606],41.14757239188859
[0.0016],41.14757239188859
[6.7704],41.14757239188859
[6.7704],41.14757239188859
[5.9207],41.14757239188859
[12.7701],41.14757239188859
[12.7701],41.14757239188859
[11.7779],41.14757239188859
[0.0006],41.14757239188859
[0.0003],41.14757239188859
[12.7952],41.14757239188859
[12.7952],41.14757239188859
[11.811],41.14757239188859
[0.0008],41.14757239188859
[0.0002],41.14757239188859
[14.6393],41.14757239188859
[14.6393],41.14757239188859
[14.6343],41.14757239188859
[14.5838],41.14757239188859
[1.8828],41.14757239188859
[1.8826],41.14757239188859
[1.8651],41.14757239188859
[0.7694],41.14757239188859
[0.0002],41.14757239188859
[21.8812],41.14757239188859
[21.8812],41.14757239188859
[21.2413],41.14757239188859
[21.2411],41.14757239188859
[10.2155],41.14757239188859
[10.2056],41.14757239188859
[0.0004],41.14757239188859
[4.8454],41.14757239188859
[4.8454],41.14757239188859
[4.839],41.14757239188859
[0.1214],41.14757239188859
[0.0115],41.14757239188859
[0.0113],41.14757239188859
[0.0003],41.14757239188859
[5.8148],41.14757239188859
[5.8148],41.14757239188859
[5.8139],41.14757239188859
[37.4536],41.14757239188859
[37.4536],41.14757239188859
[32.7444],41.14757239188859
[29.0527],41.14757239188859
[14.9617],41.14757239188859
[14.7671],41.14757239188859
[12.9552],41.14757239188859
[11.2209],41.14757239188859
[11.2209],41.14757239188859
[1.9935],41.14757239188859
[6.9783],41.14757239188859
[6.9783],41.14757239188859
[5.0253],41.14757239188859
[9.1218],41.14757239188859
[9.1218],41.14757239188859
[9.1156],41.14757239188859
[0.1625],41.14757239188859
[17.8181],41.14757239188859
[17.8181],41.14757239188859
[8.7278],41.14757239188859
[6.7615],41.14757239188859
[2.8274],41.14757239188859
[17.7867],41.14757239188859
[17.7867],41.14757239188859
[8.7163],41.14757239188859
[6.8038],41.14757239188859
[2.8246],41.14757239188859
[17.7709],41.14757239188859
[17.7709],41.14757239188859
[8.7298],41.14757239188859
[6.8483],41.14757239188859
[6.8482],41.14757239188859
[6.8478],41.14757239188859
[6.8468],41.14757239188859
[6.8104],41.14757239188859
[2.8232],41.14757239188859
[5.8453],41.14757239188859
[5.8453],41.14757239188859
[0.746],41.14757239188859
[0.0645],41.14757239188859
[0.0008],41.14757239188859
[0.0003],41.14757239188859
[0.0001],41.14757239188859
[5.8372],41.14757239188859
[5.8372],41.14757239188859
[0.0915],41.14757239188859
[0.034],41.14757239188859
[0.015],41.14757239188859
[0.0008],41.14757239188859
[0.0002],41.14757239188859
[0.0001],41.14757239188859
[26.8472],41.14757239188859
[26.8472],41.14757239188859
[26.845],41.14757239188859
[26.1055],41.14757239188859
[0.876],41.14757239188859
[0.9891],41.14757239188859
[0.9891],41.14757239188859
[0.985],41.14757239188859
[0.2843],41.14757239188859
[0.0096],41.14757239188859
[0.0095],41.14757239188859
[0.0002],41.14757239188859
[0.806],41.14757239188859
[0.806],41.14757239188859
[0.8016],41.14757239188859
[0.1305],41.14757239188859
[0.0001],41.14757239188859
[7.7916],41.14757239188859
[7.7916],41.14757239188859
[7.1907],41.14757239188859
[0.1535],41.14757239188859
[0.1534],41.14757239188859
[0.0003],41.14757239188859
[17.0553],41.14757239188859
[17.0553],41.14757239188859
[12.9901],41.14757239188859
[12.9889],41.14757239188859
[0.0275],41.14757239188859
[23.8857],41.14757239188859
[23.8857],41.14757239188859
[19.8877],41.14757239188859
[3.6596],41.14757239188859
[3.6573],41.14757239188859
[31.0527],41.14757239188859
[31.0527],41.14757239188859
[31.0488],41.14757239188859
[28.1625],41.14757239188859
[28.1075],41.14757239188859
[28.1056],41.14757239188859
[27.7987],41.14757239188859
[12.9579],41.14757239188859
[12.9579],41.14757239188859
[12.9547],41.14757239188859
[10.0902],41.14757239188859
[0.0013],41.14757239188859
[23.7336],41.14757239188859
[23.7336],41.14757239188859
[19.8861],41.14757239188859
[3.6748],41.14757239188859
[3.6667],41.14757239188859
[3.1085],41.14757239188859
[3.1085],41.14757239188859
[1.9852],41.14757239188859
[11.2425],41.14757239188859
[11.2425],41.14757239188859
[10.2108],41.14757239188859
[23.8545],41.14757239188859
[23.8545],41.14757239188859
[23.8521],41.14757239188859
[23.7201],41.14757239188859
[0.0001],41.14757239188859
[15.9611],41.14757239188859
[15.9611],41.14757239188859
[15.9579],41.14757239188859
[15.8107],41.14757239188859
[0.0002],41.14757239188859
[2.2729],41.14757239188859
[2.2729],41.14757239188859
[1.199],41.14757239188859
[0.3671],41.14757239188859
[0.002],41.14757239188859
[0.0019],41.14757239188859
[0.0002],41.14757239188859
[27.2031],41.14757239188859
[27.2031],41.14757239188859
[27.2011],41.14757239188859
[25.2855],41.14757239188859
[0.299],41.14757239188859
[0.2988],41.14757239188859
[0.0002],41.14757239188859
[20.0255],41.14757239188859
[20.0255],41.14757239188859
[19.9603],41.14757239188859
[18.9655],41.14757239188859
[18.9655],41.14757239188859
[18.9626],41.14757239188859
[18.3135],41.14757239188859
[13.2378],41.14757239188859
[13.2261],41.14757239188859
[5.8889],41.14757239188859
[0.9592],41.14757239188859
[0.9591],41.14757239188859
[0.9572],41.14757239188859
[0.9107],41.14757239188859
[0.1041],41.14757239188859
[0.0074],41.14757239188859
[10.6517],41.14757239188859
[10.6517],41.14757239188859
[10.0253],41.14757239188859
[2.9649],41.14757239188859
[2.9648],41.14757239188859
[0.0003],41.14757239188859
[12.83],41.14757239188859
[12.83],41.14757239188859
[12.0815],41.14757239188859
[5.0464],41.14757239188859
[0.0087],41.14757239188859
[6.2857],41.14757239188859
[6.2857],41.14757239188859
[6.2828],41.14757239188859
[2.2773],41.14757239188859
[0.0002],41.14757239188859
[4.0358],41.14757239188859
[4.0358],41.14757239188859
[4.033],41.14757239188859
[3.9612],41.14757239188859
[3.9514],41.14757239188859
[3.7509],41.14757239188859
[0.0005],41.14757239188859
[0.0003],41.14757239188859
[4.0315],41.14757239188859
[4.0315],41.14757239188859
[4.0271],41.14757239188859
[3.959],41.14757239188859
[3.9492],41.14757239188859
[3.75],41.14757239188859
[0.0005],41.14757239188859
[0.0003],41.14757239188859
[10.002],41.14757239188859
[10.002],41.14757239188859
[9.9995],41.14757239188859
[9.9351],41.14757239188859
[9.9253],41.14757239188859
[9.7271],41.14757239188859
[13.0872],41.14757239188859
[13.0872],41.14757239188859
[13.0859],41.14757239188859
[9.1678],41.14757239188859
[0.0002],41.14757239188859
[12.139],41.14757239188859
[12.139],41.14757239188859
[7.2752],41.14757239188859
[5.0368],41.14757239188859
[5.0331],41.14757239188859
[5.7313],41.14757239188859
[5.7313],41.14757239188859
[2.175],41.14757239188859
[2.1705],41.14757239188859
[0.0005],41.14757239188859
[4.2961],41.14757239188859
[4.2961],41.14757239188859
[2.2406],41.14757239188859
[2.2436],41.14757239188859
[2.2436],41.14757239188859
[2.2404],41.14757239188859
[1.9586],41.14757239188859
[1.9586],41.14757239188859
[1.1103],41.14757239188859
[0.0003],41.14757239188859
[8.1017],41.14757239188859
[8.1017],41.14757239188859
[2.2293],41.14757239188859
[0.8022],41.14757239188859
[0.8022],41.14757239188859
[0.0003],41.14757239188859
[1.7495],41.14757239188859
[1.7495],41.14757239188859
[1.7421],41.14757239188859
[0.7563],41.14757239188859
[0.6056],41.14757239188859
[6.9717],41.14757239188859
[6.9717],41.14757239188859
[6.9669],41.14757239188859
[5.0655],41.14757239188859
[5.0627],41.14757239188859
[15.7504],41.14757239188859
[15.7504],41.14757239188859
[15.7492],41.14757239188859
[14.7718],41.14757239188859
[3.4816],41.14757239188859
[3.4814],41.14757239188859
[0.0462],41.14757239188859
[0.0457],41.14757239188859
[0.0456],41.14757239188859
[0.0001],41.14757239188859
[0.6599],41.14757239188859
[0.6599],41.14757239188859
[0.0225],41.14757239188859
[0.0223],41.14757239188859
[0.0001],41.14757239188859
[10.9649],41.14757239188859
[10.9649],41.14757239188859
[10.7992],41.14757239188859
[12.984],41.14757239188859
[12.984],41.14757239188859
[12.094],41.14757239188859
[12.0726],41.14757239188859
[0.0002],41.14757239188859
[4.9453],41.14757239188859
[4.9453],41.14757239188859
[4.9425],41.14757239188859
[4.9416],41.14757239188859
[4.082],41.14757239188859
[4.0786],41.14757239188859
[3.8372],41.14757239188859
[3.8368],41.14757239188859
[1.1833],41.14757239188859
[0.714],41.14757239188859
[0.714],41.14757239188859
[0.7037],41.14757239188859
[0.7035],41.14757239188859
[0.0058],41.14757239188859
[0.0057],41.14757239188859
[0.0003],41.14757239188859
[6.9409],41.14757239188859
[6.9409],41.14757239188859
[6.2608],41.14757239188859
[6.9261],41.14757239188859
[6.9261],41.14757239188859
[6.2591],41.14757239188859
[6.9203],41.14757239188859
[6.9203],41.14757239188859
[6.2549],41.14757239188859
[11.9532],41.14757239188859
[11.9532],41.14757239188859
[11.9515],41.14757239188859
[8.8382],41.14757239188859
[7.816],41.14757239188859
[17.7697],41.14757239188859
[17.7697],41.14757239188859
[17.7655],41.14757239188859
[12.739],41.14757239188859
[0.0025],41.14757239188859
[7.2585],41.14757239188859
[7.2585],41.14757239188859
[7.2023],41.14757239188859
[6.9095],41.14757239188859
[0.1508],41.14757239188859
[11.118],41.14757239188859
[11.118],41.14757239188859
[11.1139],41.14757239188859
[8.3171],41.14757239188859
[0.0031],41.14757239188859
[0.0491],41.14757239188859
[0.0491],41.14757239188859
[0.0469],41.14757239188859
[5.9178],41.14757239188859
[5.9178],41.14757239188859
[5.7739],41.14757239188859
[0.138],41.14757239188859
[0.138],41.14757239188859
[0.0163],41.14757239188859
[0.0161],41.14757239188859
[0.0002],41.14757239188859
[2.0608],41.14757239188859
[2.0608],41.14757239188859
[2.0095],41.14757239188859
[2.0093],41.14757239188859
[0.0003],41.14757239188859
[5.7588],41.14757239188859
[5.7588],41.14757239188859
[5.1658],41.14757239188859
[0.0002],41.14757239188859
[4.2508],41.14757239188859
[4.2508],41.14757239188859
[4.2375],41.14757239188859
[0.0019],41.14757239188859
[4.0812],41.14757239188859
[4.0812],41.14757239188859
[3.9468],41.14757239188859
[3.804],41.14757239188859
[3.8039],41.14757239188859
[3.8037],41.14757239188859
[0.0124],41.14757239188859
[0.0002],41.14757239188859
[7.8685],41.14757239188859
[7.8685],41.14757239188859
[7.719],41.14757239188859
[7.7123],41.14757239188859
[0.0137],41.14757239188859
[0.9894],41.14757239188859
[0.9894],41.14757239188859
[0.9537],41.14757239188859
[0.9468],41.14757239188859
[0.0014],41.14757239188859
[3.6615],41.14757239188859
[3.6615],41.14757239188859
[1.1249],41.14757239188859
[1.1248],41.14757239188859
[0.0001],41.14757239188859
[3.7485],41.14757239188859
[3.7485],41.14757239188859
[2.2061],41.14757239188859
[0.0001],41.14757239188859
[3.7408],41.14757239188859
[3.7408],41.14757239188859
[2.2135],41.14757239188859
[0.0002],41.14757239188859
[3.739],41.14757239188859
[3.739],41.14757239188859
[2.2154],41.14757239188859
[0.3264],41.14757239188859
[6.3026],41.14757239188859
[6.3026],41.14757239188859
[6.2826],41.14757239188859
[0.0005],41.14757239188859
[0.0003],41.14757239188859
[2.0265],41.14757239188859
[2.0265],41.14757239188859
[0.978],41.14757239188859
[0.2423],41.14757239188859
[0.0403],41.14757239188859
[0.0157],41.14757239188859
[0.015],41.14757239188859
[0.001],41.14757239188859
[6.9696],41.14757239188859
[6.9696],41.14757239188859
[6.9647],41.14757239188859
[1.0893],41.14757239188859
[0.0007],41.14757239188859
[0.7201],41.14757239188859
[0.7201],41.14757239188859
[0.3112],41.14757239188859
[0.3089],41.14757239188859
[0.0016],41.14757239188859
[2.8876],41.14757239188859
[2.8876],41.14757239188859
[2.8744],41.14757239188859
[2.8742],41.14757239188859
[0.0061],41.14757239188859
[3.0868],41.14757239188859
[3.0868],41.14757239188859
[0.1533],41.14757239188859
[2.7747],41.14757239188859
[2.7747],41.14757239188859
[2.7694],41.14757239188859
[2.7123],41.14757239188859
[0.0002],41.14757239188859
